[0.000000] (-) TimerEvent: {}
[0.000234] (arm_control_pkg) JobQueued: {'identifier': 'arm_control_pkg', 'dependencies': OrderedDict()}
[0.000306] (interfaces_pkg) JobQueued: {'identifier': 'interfaces_pkg', 'dependencies': OrderedDict()}
[0.000344] (nav_pkg) JobQueued: {'identifier': 'nav_pkg', 'dependencies': OrderedDict()}
[0.000717] (vision_pkg) JobQueued: {'identifier': 'vision_pkg', 'dependencies': OrderedDict()}
[0.000800] (arm_control_pkg) JobStarted: {'identifier': 'arm_control_pkg'}
[0.007915] (interfaces_pkg) JobStarted: {'identifier': 'interfaces_pkg'}
[0.010768] (nav_pkg) JobStarted: {'identifier': 'nav_pkg'}
[0.016018] (vision_pkg) JobStarted: {'identifier': 'vision_pkg'}
[0.098961] (-) TimerEvent: {}
[0.199427] (-) TimerEvent: {}
[0.274361] (interfaces_pkg) JobProgress: {'identifier': 'interfaces_pkg', 'progress': 'cmake'}
[0.275246] (interfaces_pkg) Command: {'cmd': ['/usr/bin/cmake', '/home/fivejaewin/NILARM/src/interfaces_pkg', '-DCMAKE_INSTALL_PREFIX=/home/fivejaewin/NILARM/install/interfaces_pkg'], 'cwd': '/home/fivejaewin/NILARM/build/interfaces_pkg', 'env': OrderedDict({'LESSOPEN': '| /usr/bin/lesspipe %s', 'LANGUAGE': 'ko:en_US:en', 'USER': 'fivejaewin', 'LC_TIME': 'C.UTF-8', 'XDG_SESSION_TYPE': 'wayland', 'SHLVL': '1', 'LD_LIBRARY_PATH': '/opt/ros/jazzy/opt/rviz_ogre_vendor/lib:/opt/ros/jazzy/lib/x86_64-linux-gnu:/opt/ros/jazzy/opt/gz_math_vendor/lib:/opt/ros/jazzy/opt/gz_utils_vendor/lib:/opt/ros/jazzy/opt/gz_cmake_vendor/lib:/opt/ros/jazzy/lib', 'HOME': '/home/fivejaewin', 'OLDPWD': '/home/fivejaewin/NILARM/src', 'DESKTOP_SESSION': 'ubuntu', 'ROS_PYTHON_VERSION': '3', 'GNOME_SHELL_SESSION_MODE': 'ubuntu', 'GTK_MODULES': 'gail:atk-bridge', 'LC_MONETARY': 'C.UTF-8', 'MANAGERPID': '1981', 'SYSTEMD_EXEC_PID': '2434', 'GSM_SKIP_SSH_AGENT_WORKAROUND': 'true', 'DBUS_SESSION_BUS_ADDRESS': 'unix:path=/run/user/1000/bus', 'COLORTERM': 'truecolor', 'TERMINATOR_DBUS_NAME': 'net.tenshu.Terminator25ef4b219e3b005583550f2b0f9f990c3', 'GIO_LAUNCHED_DESKTOP_FILE_PID': '9553', 'GNOME_KEYRING_CONTROL': '/run/user/1000/keyring', 'DEBUGINFOD_URLS': 'https://debuginfod.ubuntu.com', 'IM_CONFIG_PHASE': '1', 'WAYLAND_DISPLAY': 'wayland-0', 'ROS_DISTRO': 'jazzy', 'LOGNAME': 'fivejaewin', 'JOURNAL_STREAM': '10:21784', '_': '/usr/bin/colcon', 'ROS_VERSION': '2', 'MEMORY_PRESSURE_WATCH': '/sys/fs/cgroup/user.slice/user-1000.slice/user@1000.service/session.slice/org.gnome.SettingsDaemon.MediaKeys.service/memory.pressure', 'XDG_SESSION_CLASS': 'user', 'USERNAME': 'fivejaewin', 'TERM': 'xterm-256color', 'GNOME_DESKTOP_SESSION_ID': 'this-is-deprecated', 'PATH': '/opt/ros/jazzy/bin:/home/fivejaewin/.local/bin:/usr/local/sbin:/usr/local/bin:/usr/sbin:/usr/bin:/sbin:/bin:/usr/games:/usr/local/games:/snap/bin:/snap/bin:/home/finejaewin/.local/bin:/home/finejaewin/.local/bin', 'SESSION_MANAGER': 'local/FIVEJAEWIN1004:@/tmp/.ICE-unix/2217,unix/FIVEJAEWIN1004:/tmp/.ICE-unix/2217', 'INVOCATION_ID': 'e2f3e70af03943979f3c77049f0bd7a0', 'PAPERSIZE': 'a4', 'XDG_MENU_PREFIX': 'gnome-', 'LC_ADDRESS': 'C.UTF-8', 'GNOME_SETUP_DISPLAY': ':1', 'XDG_RUNTIME_DIR': '/run/user/1000', 'DISPLAY': ':0', 'TERMINATOR_DBUS_PATH': '/net/tenshu/Terminator2', 'LANG': 'ko_KR.UTF-8', 'XDG_CURRENT_DESKTOP': 'ubuntu:GNOME', 'LC_TELEPHONE': 'C.UTF-8', 'XMODIFIERS': '@im=ibus', 'XDG_SESSION_DESKTOP': 'ubuntu', 'XAUTHORITY': '/run/user/1000/.mutter-Xwaylandauth.3CY5T3', 'LS_COLORS': 'rs=0:di=01;34:ln=01;36:mh=00:pi=40;33:so=01;35:do=01;35:bd=40;33;01:cd=40;33;01:or=40;31;01:mi=00:su=37;41:sg=30;43:ca=00:tw=30;42:ow=34;42:st=37;44:ex=01;32:*.tar=01;31:*.tgz=01;31:*.arc=01;31:*.arj=01;31:*.taz=01;31:*.lha=01;31:*.lz4=01;31:*.lzh=01;31:*.lzma=01;31:*.tlz=01;31:*.txz=01;31:*.tzo=01;31:*.t7z=01;31:*.zip=01;31:*.z=01;31:*.dz=01;31:*.gz=01;31:*.lrz=01;31:*.lz=01;31:*.lzo=01;31:*.xz=01;31:*.zst=01;31:*.tzst=01;31:*.bz2=01;31:*.bz=01;31:*.tbz=01;31:*.tbz2=01;31:*.tz=01;31:*.deb=01;31:*.rpm=01;31:*.jar=01;31:*.war=01;31:*.ear=01;31:*.sar=01;31:*.rar=01;31:*.alz=01;31:*.ace=01;31:*.zoo=01;31:*.cpio=01;31:*.7z=01;31:*.rz=01;31:*.cab=01;31:*.wim=01;31:*.swm=01;31:*.dwm=01;31:*.esd=01;31:*.avif=01;35:*.jpg=01;35:*.jpeg=01;35:*.mjpg=01;35:*.mjpeg=01;35:*.gif=01;35:*.bmp=01;35:*.pbm=01;35:*.pgm=01;35:*.ppm=01;35:*.tga=01;35:*.xbm=01;35:*.xpm=01;35:*.tif=01;35:*.tiff=01;35:*.png=01;35:*.svg=01;35:*.svgz=01;35:*.mng=01;35:*.pcx=01;35:*.mov=01;35:*.mpg=01;35:*.mpeg=01;35:*.m2v=01;35:*.mkv=01;35:*.webm=01;35:*.webp=01;35:*.ogm=01;35:*.mp4=01;35:*.m4v=01;35:*.mp4v=01;35:*.vob=01;35:*.qt=01;35:*.nuv=01;35:*.wmv=01;35:*.asf=01;35:*.rm=01;35:*.rmvb=01;35:*.flc=01;35:*.avi=01;35:*.fli=01;35:*.flv=01;35:*.gl=01;35:*.dl=01;35:*.xcf=01;35:*.xwd=01;35:*.yuv=01;35:*.cgm=01;35:*.emf=01;35:*.ogv=01;35:*.ogx=01;35:*.aac=00;36:*.au=00;36:*.flac=00;36:*.m4a=00;36:*.mid=00;36:*.midi=00;36:*.mka=00;36:*.mp3=00;36:*.mpc=00;36:*.ogg=00;36:*.ra=00;36:*.wav=00;36:*.oga=00;36:*.opus=00;36:*.spx=00;36:*.xspf=00;36:*~=00;90:*#=00;90:*.bak=00;90:*.crdownload=00;90:*.dpkg-dist=00;90:*.dpkg-new=00;90:*.dpkg-old=00;90:*.dpkg-tmp=00;90:*.old=00;90:*.orig=00;90:*.part=00;90:*.rej=00;90:*.rpmnew=00;90:*.rpmorig=00;90:*.rpmsave=00;90:*.swp=00;90:*.tmp=00;90:*.ucf-dist=00;90:*.ucf-new=00;90:*.ucf-old=00;90:', 'SSH_AUTH_SOCK': '/run/user/1000/keyring/ssh', 'ROS_DOMAIN_ID': '99', 'AMENT_PREFIX_PATH': '/opt/ros/jazzy', 'SHELL': '/bin/bash', 'LC_NAME': 'C.UTF-8', 'TERMINATOR_UUID': 'urn:uuid:481c1a33-b5b4-4fc9-a80a-88de6ce12b8d', 'QT_ACCESSIBILITY': '1', 'GDMSESSION': 'ubuntu', 'LESSCLOSE': '/usr/bin/lesspipe %s %s', 'LC_MEASUREMENT': 'C.UTF-8', 'LC_IDENTIFICATION': 'C.UTF-8', 'ROS_AUTOMATIC_DISCOVERY_RANGE': 'SUBNET', 'QT_IM_MODULE': 'ibus', 'PWD': '/home/fivejaewin/NILARM/build/interfaces_pkg', 'XDG_CONFIG_DIRS': '/etc/xdg/xdg-ubuntu:/etc/xdg', 'XDG_DATA_DIRS': '/usr/share/ubuntu:/usr/share/gnome:/usr/local/share/:/usr/share/:/var/lib/snapd/desktop', 'PYTHONPATH': '/opt/ros/jazzy/lib/python3.12/site-packages', 'LC_NUMERIC': 'C.UTF-8', 'LC_PAPER': 'C.UTF-8', 'COLCON': '1', 'MEMORY_PRESSURE_WRITE': 'c29tZSAyMDAwMDAgMjAwMDAwMAA=', 'VTE_VERSION': '7600', 'CMAKE_PREFIX_PATH': '/opt/ros/jazzy/opt/gz_math_vendor:/opt/ros/jazzy/opt/gz_utils_vendor:/opt/ros/jazzy/opt/gz_cmake_vendor:/opt/ros/jazzy'}), 'shell': False}
[0.299551] (-) TimerEvent: {}
[0.399910] (-) TimerEvent: {}
[0.500297] (-) TimerEvent: {}
[0.523836] (interfaces_pkg) StdoutLine: {'line': b'-- Found ament_cmake: 2.5.6 (/opt/ros/jazzy/share/ament_cmake/cmake)\n'}
[0.524244] (interfaces_pkg) StdoutLine: {'line': b'-- Found Python3: /usr/bin/python3 (found version "3.12.3") found components: Interpreter \n'}
[0.600533] (-) TimerEvent: {}
[0.645555] (interfaces_pkg) StdoutLine: {'line': b'-- Found rosidl_default_generators: 1.6.1 (/opt/ros/jazzy/share/rosidl_default_generators/cmake)\n'}
[0.656998] (interfaces_pkg) StdoutLine: {'line': b'-- Using all available rosidl_typesupport_c: rosidl_typesupport_fastrtps_c;rosidl_typesupport_introspection_c\n'}
[0.700678] (-) TimerEvent: {}
[0.746581] (interfaces_pkg) StdoutLine: {'line': b'-- Using all available rosidl_typesupport_cpp: rosidl_typesupport_fastrtps_cpp;rosidl_typesupport_introspection_cpp\n'}
[0.800812] (-) TimerEvent: {}
[0.825507] (interfaces_pkg) StdoutLine: {'line': b'-- Found rosidl_adapter: 4.6.9 (/opt/ros/jazzy/share/rosidl_adapter/cmake)\n'}
[0.900955] (-) TimerEvent: {}
[1.001341] (-) TimerEvent: {}
[1.101705] (-) TimerEvent: {}
[1.202112] (-) TimerEvent: {}
[1.302469] (-) TimerEvent: {}
[1.402835] (-) TimerEvent: {}
[1.486570] (vision_pkg) Command: {'cmd': ['/usr/bin/python3', '-W', 'ignore:setup.py install is deprecated', '-W', 'ignore:easy_install command is deprecated', 'setup.py', 'egg_info', '--egg-base', '../../build/vision_pkg', 'build', '--build-base', '/home/fivejaewin/NILARM/build/vision_pkg/build', 'install', '--record', '/home/fivejaewin/NILARM/build/vision_pkg/install.log', '--install-scripts', '$base/lib/vision_pkg', '--single-version-externally-managed', 'install_data'], 'cwd': '/home/fivejaewin/NILARM/src/vision_pkg', 'env': {'LESSOPEN': '| /usr/bin/lesspipe %s', 'LANGUAGE': 'ko:en_US:en', 'USER': 'fivejaewin', 'LC_TIME': 'C.UTF-8', 'XDG_SESSION_TYPE': 'wayland', 'SHLVL': '1', 'LD_LIBRARY_PATH': '/opt/ros/jazzy/opt/rviz_ogre_vendor/lib:/opt/ros/jazzy/lib/x86_64-linux-gnu:/opt/ros/jazzy/opt/gz_math_vendor/lib:/opt/ros/jazzy/opt/gz_utils_vendor/lib:/opt/ros/jazzy/opt/gz_cmake_vendor/lib:/opt/ros/jazzy/lib', 'HOME': '/home/fivejaewin', 'OLDPWD': '/home/fivejaewin/NILARM/src', 'DESKTOP_SESSION': 'ubuntu', 'ROS_PYTHON_VERSION': '3', 'GNOME_SHELL_SESSION_MODE': 'ubuntu', 'GTK_MODULES': 'gail:atk-bridge', 'LC_MONETARY': 'C.UTF-8', 'MANAGERPID': '1981', 'SYSTEMD_EXEC_PID': '2434', 'GSM_SKIP_SSH_AGENT_WORKAROUND': 'true', 'DBUS_SESSION_BUS_ADDRESS': 'unix:path=/run/user/1000/bus', 'COLORTERM': 'truecolor', 'TERMINATOR_DBUS_NAME': 'net.tenshu.Terminator25ef4b219e3b005583550f2b0f9f990c3', 'GIO_LAUNCHED_DESKTOP_FILE_PID': '9553', 'GNOME_KEYRING_CONTROL': '/run/user/1000/keyring', 'DEBUGINFOD_URLS': 'https://debuginfod.ubuntu.com', 'IM_CONFIG_PHASE': '1', 'WAYLAND_DISPLAY': 'wayland-0', 'ROS_DISTRO': 'jazzy', 'LOGNAME': 'fivejaewin', 'JOURNAL_STREAM': '10:21784', '_': '/usr/bin/colcon', 'ROS_VERSION': '2', 'MEMORY_PRESSURE_WATCH': '/sys/fs/cgroup/user.slice/user-1000.slice/user@1000.service/session.slice/org.gnome.SettingsDaemon.MediaKeys.service/memory.pressure', 'XDG_SESSION_CLASS': 'user', 'USERNAME': 'fivejaewin', 'TERM': 'xterm-256color', 'GNOME_DESKTOP_SESSION_ID': 'this-is-deprecated', 'PATH': '/opt/ros/jazzy/bin:/home/fivejaewin/.local/bin:/usr/local/sbin:/usr/local/bin:/usr/sbin:/usr/bin:/sbin:/bin:/usr/games:/usr/local/games:/snap/bin:/snap/bin:/home/finejaewin/.local/bin:/home/finejaewin/.local/bin', 'SESSION_MANAGER': 'local/FIVEJAEWIN1004:@/tmp/.ICE-unix/2217,unix/FIVEJAEWIN1004:/tmp/.ICE-unix/2217', 'INVOCATION_ID': 'e2f3e70af03943979f3c77049f0bd7a0', 'PAPERSIZE': 'a4', 'XDG_MENU_PREFIX': 'gnome-', 'LC_ADDRESS': 'C.UTF-8', 'GNOME_SETUP_DISPLAY': ':1', 'XDG_RUNTIME_DIR': '/run/user/1000', 'DISPLAY': ':0', 'TERMINATOR_DBUS_PATH': '/net/tenshu/Terminator2', 'LANG': 'ko_KR.UTF-8', 'XDG_CURRENT_DESKTOP': 'ubuntu:GNOME', 'LC_TELEPHONE': 'C.UTF-8', 'XMODIFIERS': '@im=ibus', 'XDG_SESSION_DESKTOP': 'ubuntu', 'XAUTHORITY': '/run/user/1000/.mutter-Xwaylandauth.3CY5T3', 'LS_COLORS': 'rs=0:di=01;34:ln=01;36:mh=00:pi=40;33:so=01;35:do=01;35:bd=40;33;01:cd=40;33;01:or=40;31;01:mi=00:su=37;41:sg=30;43:ca=00:tw=30;42:ow=34;42:st=37;44:ex=01;32:*.tar=01;31:*.tgz=01;31:*.arc=01;31:*.arj=01;31:*.taz=01;31:*.lha=01;31:*.lz4=01;31:*.lzh=01;31:*.lzma=01;31:*.tlz=01;31:*.txz=01;31:*.tzo=01;31:*.t7z=01;31:*.zip=01;31:*.z=01;31:*.dz=01;31:*.gz=01;31:*.lrz=01;31:*.lz=01;31:*.lzo=01;31:*.xz=01;31:*.zst=01;31:*.tzst=01;31:*.bz2=01;31:*.bz=01;31:*.tbz=01;31:*.tbz2=01;31:*.tz=01;31:*.deb=01;31:*.rpm=01;31:*.jar=01;31:*.war=01;31:*.ear=01;31:*.sar=01;31:*.rar=01;31:*.alz=01;31:*.ace=01;31:*.zoo=01;31:*.cpio=01;31:*.7z=01;31:*.rz=01;31:*.cab=01;31:*.wim=01;31:*.swm=01;31:*.dwm=01;31:*.esd=01;31:*.avif=01;35:*.jpg=01;35:*.jpeg=01;35:*.mjpg=01;35:*.mjpeg=01;35:*.gif=01;35:*.bmp=01;35:*.pbm=01;35:*.pgm=01;35:*.ppm=01;35:*.tga=01;35:*.xbm=01;35:*.xpm=01;35:*.tif=01;35:*.tiff=01;35:*.png=01;35:*.svg=01;35:*.svgz=01;35:*.mng=01;35:*.pcx=01;35:*.mov=01;35:*.mpg=01;35:*.mpeg=01;35:*.m2v=01;35:*.mkv=01;35:*.webm=01;35:*.webp=01;35:*.ogm=01;35:*.mp4=01;35:*.m4v=01;35:*.mp4v=01;35:*.vob=01;35:*.qt=01;35:*.nuv=01;35:*.wmv=01;35:*.asf=01;35:*.rm=01;35:*.rmvb=01;35:*.flc=01;35:*.avi=01;35:*.fli=01;35:*.flv=01;35:*.gl=01;35:*.dl=01;35:*.xcf=01;35:*.xwd=01;35:*.yuv=01;35:*.cgm=01;35:*.emf=01;35:*.ogv=01;35:*.ogx=01;35:*.aac=00;36:*.au=00;36:*.flac=00;36:*.m4a=00;36:*.mid=00;36:*.midi=00;36:*.mka=00;36:*.mp3=00;36:*.mpc=00;36:*.ogg=00;36:*.ra=00;36:*.wav=00;36:*.oga=00;36:*.opus=00;36:*.spx=00;36:*.xspf=00;36:*~=00;90:*#=00;90:*.bak=00;90:*.crdownload=00;90:*.dpkg-dist=00;90:*.dpkg-new=00;90:*.dpkg-old=00;90:*.dpkg-tmp=00;90:*.old=00;90:*.orig=00;90:*.part=00;90:*.rej=00;90:*.rpmnew=00;90:*.rpmorig=00;90:*.rpmsave=00;90:*.swp=00;90:*.tmp=00;90:*.ucf-dist=00;90:*.ucf-new=00;90:*.ucf-old=00;90:', 'SSH_AUTH_SOCK': '/run/user/1000/keyring/ssh', 'ROS_DOMAIN_ID': '99', 'AMENT_PREFIX_PATH': '/opt/ros/jazzy', 'SHELL': '/bin/bash', 'LC_NAME': 'C.UTF-8', 'TERMINATOR_UUID': 'urn:uuid:481c1a33-b5b4-4fc9-a80a-88de6ce12b8d', 'QT_ACCESSIBILITY': '1', 'GDMSESSION': 'ubuntu', 'LESSCLOSE': '/usr/bin/lesspipe %s %s', 'LC_MEASUREMENT': 'C.UTF-8', 'LC_IDENTIFICATION': 'C.UTF-8', 'ROS_AUTOMATIC_DISCOVERY_RANGE': 'SUBNET', 'QT_IM_MODULE': 'ibus', 'PWD': '/home/fivejaewin/NILARM/build/vision_pkg', 'XDG_CONFIG_DIRS': '/etc/xdg/xdg-ubuntu:/etc/xdg', 'XDG_DATA_DIRS': '/usr/share/ubuntu:/usr/share/gnome:/usr/local/share/:/usr/share/:/var/lib/snapd/desktop', 'PYTHONPATH': '/home/fivejaewin/NILARM/build/vision_pkg/prefix_override:/usr/lib/python3/dist-packages/colcon_core/task/python/colcon_distutils_commands:/home/fivejaewin/NILARM/install/vision_pkg/lib/python3.12/site-packages:/opt/ros/jazzy/lib/python3.12/site-packages', 'LC_NUMERIC': 'C.UTF-8', 'LC_PAPER': 'C.UTF-8', 'COLCON': '1', 'MEMORY_PRESSURE_WRITE': 'c29tZSAyMDAwMDAgMjAwMDAwMAA=', 'VTE_VERSION': '7600', 'CMAKE_PREFIX_PATH': '/opt/ros/jazzy/opt/gz_math_vendor:/opt/ros/jazzy/opt/gz_utils_vendor:/opt/ros/jazzy/opt/gz_cmake_vendor'}, 'shell': False}
[1.503007] (-) TimerEvent: {}
[1.555217] (nav_pkg) Command: {'cmd': ['/usr/bin/python3', '-W', 'ignore:setup.py install is deprecated', '-W', 'ignore:easy_install command is deprecated', 'setup.py', 'egg_info', '--egg-base', '../../build/nav_pkg', 'build', '--build-base', '/home/fivejaewin/NILARM/build/nav_pkg/build', 'install', '--record', '/home/fivejaewin/NILARM/build/nav_pkg/install.log', '--install-scripts', '$base/lib/nav_pkg', '--single-version-externally-managed', 'install_data'], 'cwd': '/home/fivejaewin/NILARM/src/nav_pkg', 'env': {'LESSOPEN': '| /usr/bin/lesspipe %s', 'LANGUAGE': 'ko:en_US:en', 'USER': 'fivejaewin', 'LC_TIME': 'C.UTF-8', 'XDG_SESSION_TYPE': 'wayland', 'SHLVL': '1', 'LD_LIBRARY_PATH': '/opt/ros/jazzy/opt/rviz_ogre_vendor/lib:/opt/ros/jazzy/lib/x86_64-linux-gnu:/opt/ros/jazzy/opt/gz_math_vendor/lib:/opt/ros/jazzy/opt/gz_utils_vendor/lib:/opt/ros/jazzy/opt/gz_cmake_vendor/lib:/opt/ros/jazzy/lib', 'HOME': '/home/fivejaewin', 'OLDPWD': '/home/fivejaewin/NILARM/src', 'DESKTOP_SESSION': 'ubuntu', 'ROS_PYTHON_VERSION': '3', 'GNOME_SHELL_SESSION_MODE': 'ubuntu', 'GTK_MODULES': 'gail:atk-bridge', 'LC_MONETARY': 'C.UTF-8', 'MANAGERPID': '1981', 'SYSTEMD_EXEC_PID': '2434', 'GSM_SKIP_SSH_AGENT_WORKAROUND': 'true', 'DBUS_SESSION_BUS_ADDRESS': 'unix:path=/run/user/1000/bus', 'COLORTERM': 'truecolor', 'TERMINATOR_DBUS_NAME': 'net.tenshu.Terminator25ef4b219e3b005583550f2b0f9f990c3', 'GIO_LAUNCHED_DESKTOP_FILE_PID': '9553', 'GNOME_KEYRING_CONTROL': '/run/user/1000/keyring', 'DEBUGINFOD_URLS': 'https://debuginfod.ubuntu.com', 'IM_CONFIG_PHASE': '1', 'WAYLAND_DISPLAY': 'wayland-0', 'ROS_DISTRO': 'jazzy', 'LOGNAME': 'fivejaewin', 'JOURNAL_STREAM': '10:21784', '_': '/usr/bin/colcon', 'ROS_VERSION': '2', 'MEMORY_PRESSURE_WATCH': '/sys/fs/cgroup/user.slice/user-1000.slice/user@1000.service/session.slice/org.gnome.SettingsDaemon.MediaKeys.service/memory.pressure', 'XDG_SESSION_CLASS': 'user', 'USERNAME': 'fivejaewin', 'TERM': 'xterm-256color', 'GNOME_DESKTOP_SESSION_ID': 'this-is-deprecated', 'PATH': '/opt/ros/jazzy/bin:/home/fivejaewin/.local/bin:/usr/local/sbin:/usr/local/bin:/usr/sbin:/usr/bin:/sbin:/bin:/usr/games:/usr/local/games:/snap/bin:/snap/bin:/home/finejaewin/.local/bin:/home/finejaewin/.local/bin', 'SESSION_MANAGER': 'local/FIVEJAEWIN1004:@/tmp/.ICE-unix/2217,unix/FIVEJAEWIN1004:/tmp/.ICE-unix/2217', 'INVOCATION_ID': 'e2f3e70af03943979f3c77049f0bd7a0', 'PAPERSIZE': 'a4', 'XDG_MENU_PREFIX': 'gnome-', 'LC_ADDRESS': 'C.UTF-8', 'GNOME_SETUP_DISPLAY': ':1', 'XDG_RUNTIME_DIR': '/run/user/1000', 'DISPLAY': ':0', 'TERMINATOR_DBUS_PATH': '/net/tenshu/Terminator2', 'LANG': 'ko_KR.UTF-8', 'XDG_CURRENT_DESKTOP': 'ubuntu:GNOME', 'LC_TELEPHONE': 'C.UTF-8', 'XMODIFIERS': '@im=ibus', 'XDG_SESSION_DESKTOP': 'ubuntu', 'XAUTHORITY': '/run/user/1000/.mutter-Xwaylandauth.3CY5T3', 'LS_COLORS': 'rs=0:di=01;34:ln=01;36:mh=00:pi=40;33:so=01;35:do=01;35:bd=40;33;01:cd=40;33;01:or=40;31;01:mi=00:su=37;41:sg=30;43:ca=00:tw=30;42:ow=34;42:st=37;44:ex=01;32:*.tar=01;31:*.tgz=01;31:*.arc=01;31:*.arj=01;31:*.taz=01;31:*.lha=01;31:*.lz4=01;31:*.lzh=01;31:*.lzma=01;31:*.tlz=01;31:*.txz=01;31:*.tzo=01;31:*.t7z=01;31:*.zip=01;31:*.z=01;31:*.dz=01;31:*.gz=01;31:*.lrz=01;31:*.lz=01;31:*.lzo=01;31:*.xz=01;31:*.zst=01;31:*.tzst=01;31:*.bz2=01;31:*.bz=01;31:*.tbz=01;31:*.tbz2=01;31:*.tz=01;31:*.deb=01;31:*.rpm=01;31:*.jar=01;31:*.war=01;31:*.ear=01;31:*.sar=01;31:*.rar=01;31:*.alz=01;31:*.ace=01;31:*.zoo=01;31:*.cpio=01;31:*.7z=01;31:*.rz=01;31:*.cab=01;31:*.wim=01;31:*.swm=01;31:*.dwm=01;31:*.esd=01;31:*.avif=01;35:*.jpg=01;35:*.jpeg=01;35:*.mjpg=01;35:*.mjpeg=01;35:*.gif=01;35:*.bmp=01;35:*.pbm=01;35:*.pgm=01;35:*.ppm=01;35:*.tga=01;35:*.xbm=01;35:*.xpm=01;35:*.tif=01;35:*.tiff=01;35:*.png=01;35:*.svg=01;35:*.svgz=01;35:*.mng=01;35:*.pcx=01;35:*.mov=01;35:*.mpg=01;35:*.mpeg=01;35:*.m2v=01;35:*.mkv=01;35:*.webm=01;35:*.webp=01;35:*.ogm=01;35:*.mp4=01;35:*.m4v=01;35:*.mp4v=01;35:*.vob=01;35:*.qt=01;35:*.nuv=01;35:*.wmv=01;35:*.asf=01;35:*.rm=01;35:*.rmvb=01;35:*.flc=01;35:*.avi=01;35:*.fli=01;35:*.flv=01;35:*.gl=01;35:*.dl=01;35:*.xcf=01;35:*.xwd=01;35:*.yuv=01;35:*.cgm=01;35:*.emf=01;35:*.ogv=01;35:*.ogx=01;35:*.aac=00;36:*.au=00;36:*.flac=00;36:*.m4a=00;36:*.mid=00;36:*.midi=00;36:*.mka=00;36:*.mp3=00;36:*.mpc=00;36:*.ogg=00;36:*.ra=00;36:*.wav=00;36:*.oga=00;36:*.opus=00;36:*.spx=00;36:*.xspf=00;36:*~=00;90:*#=00;90:*.bak=00;90:*.crdownload=00;90:*.dpkg-dist=00;90:*.dpkg-new=00;90:*.dpkg-old=00;90:*.dpkg-tmp=00;90:*.old=00;90:*.orig=00;90:*.part=00;90:*.rej=00;90:*.rpmnew=00;90:*.rpmorig=00;90:*.rpmsave=00;90:*.swp=00;90:*.tmp=00;90:*.ucf-dist=00;90:*.ucf-new=00;90:*.ucf-old=00;90:', 'SSH_AUTH_SOCK': '/run/user/1000/keyring/ssh', 'ROS_DOMAIN_ID': '99', 'AMENT_PREFIX_PATH': '/opt/ros/jazzy', 'SHELL': '/bin/bash', 'LC_NAME': 'C.UTF-8', 'TERMINATOR_UUID': 'urn:uuid:481c1a33-b5b4-4fc9-a80a-88de6ce12b8d', 'QT_ACCESSIBILITY': '1', 'GDMSESSION': 'ubuntu', 'LESSCLOSE': '/usr/bin/lesspipe %s %s', 'LC_MEASUREMENT': 'C.UTF-8', 'LC_IDENTIFICATION': 'C.UTF-8', 'ROS_AUTOMATIC_DISCOVERY_RANGE': 'SUBNET', 'QT_IM_MODULE': 'ibus', 'PWD': '/home/fivejaewin/NILARM/build/nav_pkg', 'XDG_CONFIG_DIRS': '/etc/xdg/xdg-ubuntu:/etc/xdg', 'XDG_DATA_DIRS': '/usr/share/ubuntu:/usr/share/gnome:/usr/local/share/:/usr/share/:/var/lib/snapd/desktop', 'PYTHONPATH': '/home/fivejaewin/NILARM/build/nav_pkg/prefix_override:/usr/lib/python3/dist-packages/colcon_core/task/python/colcon_distutils_commands:/home/fivejaewin/NILARM/install/nav_pkg/lib/python3.12/site-packages:/opt/ros/jazzy/lib/python3.12/site-packages', 'LC_NUMERIC': 'C.UTF-8', 'LC_PAPER': 'C.UTF-8', 'COLCON': '1', 'MEMORY_PRESSURE_WRITE': 'c29tZSAyMDAwMDAgMjAwMDAwMAA=', 'VTE_VERSION': '7600', 'CMAKE_PREFIX_PATH': '/opt/ros/jazzy/opt/gz_math_vendor:/opt/ros/jazzy/opt/gz_utils_vendor:/opt/ros/jazzy/opt/gz_cmake_vendor'}, 'shell': False}
[1.582086] (arm_control_pkg) Command: {'cmd': ['/usr/bin/python3', '-W', 'ignore:setup.py install is deprecated', '-W', 'ignore:easy_install command is deprecated', 'setup.py', 'egg_info', '--egg-base', '../../build/arm_control_pkg', 'build', '--build-base', '/home/fivejaewin/NILARM/build/arm_control_pkg/build', 'install', '--record', '/home/fivejaewin/NILARM/build/arm_control_pkg/install.log', '--install-scripts', '$base/lib/arm_control_pkg', '--single-version-externally-managed', 'install_data'], 'cwd': '/home/fivejaewin/NILARM/src/arm_control_pkg', 'env': {'LESSOPEN': '| /usr/bin/lesspipe %s', 'LANGUAGE': 'ko:en_US:en', 'USER': 'fivejaewin', 'LC_TIME': 'C.UTF-8', 'XDG_SESSION_TYPE': 'wayland', 'SHLVL': '1', 'LD_LIBRARY_PATH': '/opt/ros/jazzy/opt/rviz_ogre_vendor/lib:/opt/ros/jazzy/lib/x86_64-linux-gnu:/opt/ros/jazzy/opt/gz_math_vendor/lib:/opt/ros/jazzy/opt/gz_utils_vendor/lib:/opt/ros/jazzy/opt/gz_cmake_vendor/lib:/opt/ros/jazzy/lib', 'HOME': '/home/fivejaewin', 'OLDPWD': '/home/fivejaewin/NILARM/src', 'DESKTOP_SESSION': 'ubuntu', 'ROS_PYTHON_VERSION': '3', 'GNOME_SHELL_SESSION_MODE': 'ubuntu', 'GTK_MODULES': 'gail:atk-bridge', 'LC_MONETARY': 'C.UTF-8', 'MANAGERPID': '1981', 'SYSTEMD_EXEC_PID': '2434', 'GSM_SKIP_SSH_AGENT_WORKAROUND': 'true', 'DBUS_SESSION_BUS_ADDRESS': 'unix:path=/run/user/1000/bus', 'COLORTERM': 'truecolor', 'TERMINATOR_DBUS_NAME': 'net.tenshu.Terminator25ef4b219e3b005583550f2b0f9f990c3', 'GIO_LAUNCHED_DESKTOP_FILE_PID': '9553', 'GNOME_KEYRING_CONTROL': '/run/user/1000/keyring', 'DEBUGINFOD_URLS': 'https://debuginfod.ubuntu.com', 'IM_CONFIG_PHASE': '1', 'WAYLAND_DISPLAY': 'wayland-0', 'ROS_DISTRO': 'jazzy', 'LOGNAME': 'fivejaewin', 'JOURNAL_STREAM': '10:21784', '_': '/usr/bin/colcon', 'ROS_VERSION': '2', 'MEMORY_PRESSURE_WATCH': '/sys/fs/cgroup/user.slice/user-1000.slice/user@1000.service/session.slice/org.gnome.SettingsDaemon.MediaKeys.service/memory.pressure', 'XDG_SESSION_CLASS': 'user', 'USERNAME': 'fivejaewin', 'TERM': 'xterm-256color', 'GNOME_DESKTOP_SESSION_ID': 'this-is-deprecated', 'PATH': '/opt/ros/jazzy/bin:/home/fivejaewin/.local/bin:/usr/local/sbin:/usr/local/bin:/usr/sbin:/usr/bin:/sbin:/bin:/usr/games:/usr/local/games:/snap/bin:/snap/bin:/home/finejaewin/.local/bin:/home/finejaewin/.local/bin', 'SESSION_MANAGER': 'local/FIVEJAEWIN1004:@/tmp/.ICE-unix/2217,unix/FIVEJAEWIN1004:/tmp/.ICE-unix/2217', 'INVOCATION_ID': 'e2f3e70af03943979f3c77049f0bd7a0', 'PAPERSIZE': 'a4', 'XDG_MENU_PREFIX': 'gnome-', 'LC_ADDRESS': 'C.UTF-8', 'GNOME_SETUP_DISPLAY': ':1', 'XDG_RUNTIME_DIR': '/run/user/1000', 'DISPLAY': ':0', 'TERMINATOR_DBUS_PATH': '/net/tenshu/Terminator2', 'LANG': 'ko_KR.UTF-8', 'XDG_CURRENT_DESKTOP': 'ubuntu:GNOME', 'LC_TELEPHONE': 'C.UTF-8', 'XMODIFIERS': '@im=ibus', 'XDG_SESSION_DESKTOP': 'ubuntu', 'XAUTHORITY': '/run/user/1000/.mutter-Xwaylandauth.3CY5T3', 'LS_COLORS': 'rs=0:di=01;34:ln=01;36:mh=00:pi=40;33:so=01;35:do=01;35:bd=40;33;01:cd=40;33;01:or=40;31;01:mi=00:su=37;41:sg=30;43:ca=00:tw=30;42:ow=34;42:st=37;44:ex=01;32:*.tar=01;31:*.tgz=01;31:*.arc=01;31:*.arj=01;31:*.taz=01;31:*.lha=01;31:*.lz4=01;31:*.lzh=01;31:*.lzma=01;31:*.tlz=01;31:*.txz=01;31:*.tzo=01;31:*.t7z=01;31:*.zip=01;31:*.z=01;31:*.dz=01;31:*.gz=01;31:*.lrz=01;31:*.lz=01;31:*.lzo=01;31:*.xz=01;31:*.zst=01;31:*.tzst=01;31:*.bz2=01;31:*.bz=01;31:*.tbz=01;31:*.tbz2=01;31:*.tz=01;31:*.deb=01;31:*.rpm=01;31:*.jar=01;31:*.war=01;31:*.ear=01;31:*.sar=01;31:*.rar=01;31:*.alz=01;31:*.ace=01;31:*.zoo=01;31:*.cpio=01;31:*.7z=01;31:*.rz=01;31:*.cab=01;31:*.wim=01;31:*.swm=01;31:*.dwm=01;31:*.esd=01;31:*.avif=01;35:*.jpg=01;35:*.jpeg=01;35:*.mjpg=01;35:*.mjpeg=01;35:*.gif=01;35:*.bmp=01;35:*.pbm=01;35:*.pgm=01;35:*.ppm=01;35:*.tga=01;35:*.xbm=01;35:*.xpm=01;35:*.tif=01;35:*.tiff=01;35:*.png=01;35:*.svg=01;35:*.svgz=01;35:*.mng=01;35:*.pcx=01;35:*.mov=01;35:*.mpg=01;35:*.mpeg=01;35:*.m2v=01;35:*.mkv=01;35:*.webm=01;35:*.webp=01;35:*.ogm=01;35:*.mp4=01;35:*.m4v=01;35:*.mp4v=01;35:*.vob=01;35:*.qt=01;35:*.nuv=01;35:*.wmv=01;35:*.asf=01;35:*.rm=01;35:*.rmvb=01;35:*.flc=01;35:*.avi=01;35:*.fli=01;35:*.flv=01;35:*.gl=01;35:*.dl=01;35:*.xcf=01;35:*.xwd=01;35:*.yuv=01;35:*.cgm=01;35:*.emf=01;35:*.ogv=01;35:*.ogx=01;35:*.aac=00;36:*.au=00;36:*.flac=00;36:*.m4a=00;36:*.mid=00;36:*.midi=00;36:*.mka=00;36:*.mp3=00;36:*.mpc=00;36:*.ogg=00;36:*.ra=00;36:*.wav=00;36:*.oga=00;36:*.opus=00;36:*.spx=00;36:*.xspf=00;36:*~=00;90:*#=00;90:*.bak=00;90:*.crdownload=00;90:*.dpkg-dist=00;90:*.dpkg-new=00;90:*.dpkg-old=00;90:*.dpkg-tmp=00;90:*.old=00;90:*.orig=00;90:*.part=00;90:*.rej=00;90:*.rpmnew=00;90:*.rpmorig=00;90:*.rpmsave=00;90:*.swp=00;90:*.tmp=00;90:*.ucf-dist=00;90:*.ucf-new=00;90:*.ucf-old=00;90:', 'SSH_AUTH_SOCK': '/run/user/1000/keyring/ssh', 'ROS_DOMAIN_ID': '99', 'AMENT_PREFIX_PATH': '/opt/ros/jazzy', 'SHELL': '/bin/bash', 'LC_NAME': 'C.UTF-8', 'TERMINATOR_UUID': 'urn:uuid:481c1a33-b5b4-4fc9-a80a-88de6ce12b8d', 'QT_ACCESSIBILITY': '1', 'GDMSESSION': 'ubuntu', 'LESSCLOSE': '/usr/bin/lesspipe %s %s', 'LC_MEASUREMENT': 'C.UTF-8', 'LC_IDENTIFICATION': 'C.UTF-8', 'ROS_AUTOMATIC_DISCOVERY_RANGE': 'SUBNET', 'QT_IM_MODULE': 'ibus', 'PWD': '/home/fivejaewin/NILARM/build/arm_control_pkg', 'XDG_CONFIG_DIRS': '/etc/xdg/xdg-ubuntu:/etc/xdg', 'XDG_DATA_DIRS': '/usr/share/ubuntu:/usr/share/gnome:/usr/local/share/:/usr/share/:/var/lib/snapd/desktop', 'PYTHONPATH': '/home/fivejaewin/NILARM/build/arm_control_pkg/prefix_override:/usr/lib/python3/dist-packages/colcon_core/task/python/colcon_distutils_commands:/home/fivejaewin/NILARM/install/arm_control_pkg/lib/python3.12/site-packages:/opt/ros/jazzy/lib/python3.12/site-packages', 'LC_NUMERIC': 'C.UTF-8', 'LC_PAPER': 'C.UTF-8', 'COLCON': '1', 'MEMORY_PRESSURE_WRITE': 'c29tZSAyMDAwMDAgMjAwMDAwMAA=', 'VTE_VERSION': '7600', 'CMAKE_PREFIX_PATH': '/opt/ros/jazzy/opt/gz_math_vendor:/opt/ros/jazzy/opt/gz_utils_vendor:/opt/ros/jazzy/opt/gz_cmake_vendor'}, 'shell': False}
[1.603149] (-) TimerEvent: {}
[1.703602] (-) TimerEvent: {}
[1.790636] (vision_pkg) StdoutLine: {'line': b'running egg_info\n'}
[1.791084] (vision_pkg) StdoutLine: {'line': b'creating ../../build/vision_pkg/vision_pkg.egg-info\n'}
[1.803727] (-) TimerEvent: {}
[1.810088] (vision_pkg) StdoutLine: {'line': b'writing ../../build/vision_pkg/vision_pkg.egg-info/PKG-INFO\n'}
[1.810433] (vision_pkg) StdoutLine: {'line': b'writing dependency_links to ../../build/vision_pkg/vision_pkg.egg-info/dependency_links.txt\n'}
[1.810641] (vision_pkg) StdoutLine: {'line': b'writing entry points to ../../build/vision_pkg/vision_pkg.egg-info/entry_points.txt\n'}
[1.810832] (vision_pkg) StdoutLine: {'line': b'writing requirements to ../../build/vision_pkg/vision_pkg.egg-info/requires.txt\n'}
[1.810975] (vision_pkg) StdoutLine: {'line': b'writing top-level names to ../../build/vision_pkg/vision_pkg.egg-info/top_level.txt\n'}
[1.811098] (vision_pkg) StdoutLine: {'line': b"writing manifest file '../../build/vision_pkg/vision_pkg.egg-info/SOURCES.txt'\n"}
[1.848202] (nav_pkg) StdoutLine: {'line': b'running egg_info\n'}
[1.848613] (nav_pkg) StdoutLine: {'line': b'creating ../../build/nav_pkg/nav_pkg.egg-info\n'}
[1.850722] (vision_pkg) StdoutLine: {'line': b"reading manifest file '../../build/vision_pkg/vision_pkg.egg-info/SOURCES.txt'\n"}
[1.850981] (vision_pkg) StdoutLine: {'line': b"adding license file 'LICENSE'\n"}
[1.851491] (vision_pkg) StdoutLine: {'line': b"writing manifest file '../../build/vision_pkg/vision_pkg.egg-info/SOURCES.txt'\n"}
[1.851674] (vision_pkg) StdoutLine: {'line': b'running build\n'}
[1.851800] (vision_pkg) StdoutLine: {'line': b'running build_py\n'}
[1.851983] (vision_pkg) StdoutLine: {'line': b'creating /home/fivejaewin/NILARM/build/vision_pkg/build\n'}
[1.852162] (vision_pkg) StdoutLine: {'line': b'creating /home/fivejaewin/NILARM/build/vision_pkg/build/lib\n'}
[1.852289] (vision_pkg) StdoutLine: {'line': b'creating /home/fivejaewin/NILARM/build/vision_pkg/build/lib/vision_pkg\n'}
[1.852435] (vision_pkg) StdoutLine: {'line': b'copying vision_pkg/__init__.py -> /home/fivejaewin/NILARM/build/vision_pkg/build/lib/vision_pkg\n'}
[1.852557] (vision_pkg) StdoutLine: {'line': b'copying vision_pkg/vision_node.py -> /home/fivejaewin/NILARM/build/vision_pkg/build/lib/vision_pkg\n'}
[1.852678] (vision_pkg) StdoutLine: {'line': b'running install\n'}
[1.859976] (vision_pkg) StdoutLine: {'line': b'running install_lib\n'}
[1.867588] (nav_pkg) StdoutLine: {'line': b'writing ../../build/nav_pkg/nav_pkg.egg-info/PKG-INFO\n'}
[1.867896] (nav_pkg) StdoutLine: {'line': b'writing dependency_links to ../../build/nav_pkg/nav_pkg.egg-info/dependency_links.txt\n'}
[1.868148] (nav_pkg) StdoutLine: {'line': b'writing requirements to ../../build/nav_pkg/nav_pkg.egg-info/requires.txt\n'}
[1.868353] (nav_pkg) StdoutLine: {'line': b'writing top-level names to ../../build/nav_pkg/nav_pkg.egg-info/top_level.txt\n'}
[1.868480] (nav_pkg) StdoutLine: {'line': b"writing manifest file '../../build/nav_pkg/nav_pkg.egg-info/SOURCES.txt'\n"}
[1.879950] (vision_pkg) StdoutLine: {'line': b'creating /home/fivejaewin/NILARM/install/vision_pkg/lib/python3.12/site-packages/vision_pkg\n'}
[1.880302] (vision_pkg) StdoutLine: {'line': b'copying /home/fivejaewin/NILARM/build/vision_pkg/build/lib/vision_pkg/__init__.py -> /home/fivejaewin/NILARM/install/vision_pkg/lib/python3.12/site-packages/vision_pkg\n'}
[1.880460] (vision_pkg) StdoutLine: {'line': b'copying /home/fivejaewin/NILARM/build/vision_pkg/build/lib/vision_pkg/vision_node.py -> /home/fivejaewin/NILARM/install/vision_pkg/lib/python3.12/site-packages/vision_pkg\n'}
[1.880740] (vision_pkg) StdoutLine: {'line': b'byte-compiling /home/fivejaewin/NILARM/install/vision_pkg/lib/python3.12/site-packages/vision_pkg/__init__.py to __init__.cpython-312.pyc\n'}
[1.881054] (vision_pkg) StdoutLine: {'line': b'byte-compiling /home/fivejaewin/NILARM/install/vision_pkg/lib/python3.12/site-packages/vision_pkg/vision_node.py to vision_node.cpython-312.pyc\n'}
[1.881459] (vision_pkg) StdoutLine: {'line': b'running install_data\n'}
[1.881786] (vision_pkg) StdoutLine: {'line': b'creating /home/fivejaewin/NILARM/install/vision_pkg/share/ament_index\n'}
[1.882026] (vision_pkg) StdoutLine: {'line': b'creating /home/fivejaewin/NILARM/install/vision_pkg/share/ament_index/resource_index\n'}
[1.882159] (vision_pkg) StdoutLine: {'line': b'creating /home/fivejaewin/NILARM/install/vision_pkg/share/ament_index/resource_index/packages\n'}
[1.882283] (vision_pkg) StdoutLine: {'line': b'copying resource/vision_pkg -> /home/fivejaewin/NILARM/install/vision_pkg/share/ament_index/resource_index/packages\n'}
[1.882405] (vision_pkg) StdoutLine: {'line': b'copying package.xml -> /home/fivejaewin/NILARM/install/vision_pkg/share/vision_pkg\n'}
[1.882525] (vision_pkg) StdoutLine: {'line': b'running install_egg_info\n'}
[1.903415] (vision_pkg) StdoutLine: {'line': b'Copying ../../build/vision_pkg/vision_pkg.egg-info to /home/fivejaewin/NILARM/install/vision_pkg/lib/python3.12/site-packages/vision_pkg-0.0.0-py3.12.egg-info\n'}
[1.903801] (-) TimerEvent: {}
[1.904083] (vision_pkg) StdoutLine: {'line': b'running install_scripts\n'}
[1.908111] (nav_pkg) StdoutLine: {'line': b"reading manifest file '../../build/nav_pkg/nav_pkg.egg-info/SOURCES.txt'\n"}
[1.908778] (nav_pkg) StdoutLine: {'line': b"writing manifest file '../../build/nav_pkg/nav_pkg.egg-info/SOURCES.txt'\n"}
[1.909079] (nav_pkg) StdoutLine: {'line': b'running build\n'}
[1.909261] (nav_pkg) StdoutLine: {'line': b'running build_py\n'}
[1.909561] (nav_pkg) StdoutLine: {'line': b'creating /home/fivejaewin/NILARM/build/nav_pkg/build\n'}
[1.909701] (nav_pkg) StdoutLine: {'line': b'creating /home/fivejaewin/NILARM/build/nav_pkg/build/lib\n'}
[1.909825] (nav_pkg) StdoutLine: {'line': b'creating /home/fivejaewin/NILARM/build/nav_pkg/build/lib/nav_pkg\n'}
[1.909967] (nav_pkg) StdoutLine: {'line': b'copying nav_pkg/__init__.py -> /home/fivejaewin/NILARM/build/nav_pkg/build/lib/nav_pkg\n'}
[1.910090] (nav_pkg) StdoutLine: {'line': b'copying nav_pkg/drive_test.py -> /home/fivejaewin/NILARM/build/nav_pkg/build/lib/nav_pkg\n'}
[1.910209] (nav_pkg) StdoutLine: {'line': b'running install\n'}
[1.917293] (nav_pkg) StdoutLine: {'line': b'running install_lib\n'}
[1.929271] (interfaces_pkg) StdoutLine: {'line': b'-- Found ament_cmake_ros: 0.12.1 (/opt/ros/jazzy/share/ament_cmake_ros/cmake)\n'}
[1.937085] (nav_pkg) StdoutLine: {'line': b'creating /home/fivejaewin/NILARM/install/nav_pkg/lib/python3.12/site-packages/nav_pkg\n'}
[1.937384] (nav_pkg) StdoutLine: {'line': b'copying /home/fivejaewin/NILARM/build/nav_pkg/build/lib/nav_pkg/__init__.py -> /home/fivejaewin/NILARM/install/nav_pkg/lib/python3.12/site-packages/nav_pkg\n'}
[1.937525] (nav_pkg) StdoutLine: {'line': b'copying /home/fivejaewin/NILARM/build/nav_pkg/build/lib/nav_pkg/drive_test.py -> /home/fivejaewin/NILARM/install/nav_pkg/lib/python3.12/site-packages/nav_pkg\n'}
[1.937769] (nav_pkg) StdoutLine: {'line': b'byte-compiling /home/fivejaewin/NILARM/install/nav_pkg/lib/python3.12/site-packages/nav_pkg/__init__.py to __init__.cpython-312.pyc\n'}
[1.938009] (nav_pkg) StdoutLine: {'line': b'byte-compiling /home/fivejaewin/NILARM/install/nav_pkg/lib/python3.12/site-packages/nav_pkg/drive_test.py to drive_test.cpython-312.pyc\n'}
[1.938265] (nav_pkg) StdoutLine: {'line': b'running install_data\n'}
[1.938504] (nav_pkg) StdoutLine: {'line': b'creating /home/fivejaewin/NILARM/install/nav_pkg/share/ament_index\n'}
[1.938681] (nav_pkg) StdoutLine: {'line': b'creating /home/fivejaewin/NILARM/install/nav_pkg/share/ament_index/resource_index\n'}
[1.938808] (nav_pkg) StdoutLine: {'line': b'creating /home/fivejaewin/NILARM/install/nav_pkg/share/ament_index/resource_index/packages\n'}
[1.938960] (nav_pkg) StdoutLine: {'line': b'copying resource/nav_pkg -> /home/fivejaewin/NILARM/install/nav_pkg/share/ament_index/resource_index/packages\n'}
[1.939082] (nav_pkg) StdoutLine: {'line': b'copying package.xml -> /home/fivejaewin/NILARM/install/nav_pkg/share/nav_pkg\n'}
[1.939201] (nav_pkg) StdoutLine: {'line': b'running install_egg_info\n'}
[1.959595] (nav_pkg) StdoutLine: {'line': b'Copying ../../build/nav_pkg/nav_pkg.egg-info to /home/fivejaewin/NILARM/install/nav_pkg/lib/python3.12/site-packages/nav_pkg-0.0.0-py3.12.egg-info\n'}
[1.960228] (nav_pkg) StdoutLine: {'line': b'running install_scripts\n'}
[2.003960] (-) TimerEvent: {}
[2.005125] (arm_control_pkg) StdoutLine: {'line': b'running egg_info\n'}
[2.005538] (arm_control_pkg) StdoutLine: {'line': b'creating ../../build/arm_control_pkg/arm_control_pkg.egg-info\n'}
[2.036492] (arm_control_pkg) StdoutLine: {'line': b'writing ../../build/arm_control_pkg/arm_control_pkg.egg-info/PKG-INFO\n'}
[2.036833] (arm_control_pkg) StdoutLine: {'line': b'writing dependency_links to ../../build/arm_control_pkg/arm_control_pkg.egg-info/dependency_links.txt\n'}
[2.037237] (arm_control_pkg) StdoutLine: {'line': b'writing requirements to ../../build/arm_control_pkg/arm_control_pkg.egg-info/requires.txt\n'}
[2.037493] (arm_control_pkg) StdoutLine: {'line': b'writing top-level names to ../../build/arm_control_pkg/arm_control_pkg.egg-info/top_level.txt\n'}
[2.037669] (arm_control_pkg) StdoutLine: {'line': b"writing manifest file '../../build/arm_control_pkg/arm_control_pkg.egg-info/SOURCES.txt'\n"}
[2.039554] (vision_pkg) StdoutLine: {'line': b'Installing vision_node script to /home/fivejaewin/NILARM/install/vision_pkg/lib/vision_pkg\n'}
[2.039964] (vision_pkg) StdoutLine: {'line': b"writing list of installed files to '/home/fivejaewin/NILARM/build/vision_pkg/install.log'\n"}
[2.077178] (vision_pkg) CommandEnded: {'returncode': 0}
[2.092328] (vision_pkg) JobEnded: {'identifier': 'vision_pkg', 'rc': 0}
[2.093523] (arm_control_pkg) StdoutLine: {'line': b"reading manifest file '../../build/arm_control_pkg/arm_control_pkg.egg-info/SOURCES.txt'\n"}
[2.093752] (arm_control_pkg) StdoutLine: {'line': b"adding license file 'LICENSE'\n"}
[2.094389] (arm_control_pkg) StdoutLine: {'line': b"writing manifest file '../../build/arm_control_pkg/arm_control_pkg.egg-info/SOURCES.txt'\n"}
[2.094719] (arm_control_pkg) StdoutLine: {'line': b'running build\n'}
[2.094892] (arm_control_pkg) StdoutLine: {'line': b'running build_py\n'}
[2.095227] (arm_control_pkg) StdoutLine: {'line': b'creating /home/fivejaewin/NILARM/build/arm_control_pkg/build\n'}
[2.095400] (arm_control_pkg) StdoutLine: {'line': b'creating /home/fivejaewin/NILARM/build/arm_control_pkg/build/lib\n'}
[2.095537] (arm_control_pkg) StdoutLine: {'line': b'creating /home/fivejaewin/NILARM/build/arm_control_pkg/build/lib/arm_control_pkg\n'}
[2.095667] (arm_control_pkg) StdoutLine: {'line': b'copying arm_control_pkg/__init__.py -> /home/fivejaewin/NILARM/build/arm_control_pkg/build/lib/arm_control_pkg\n'}
[2.095796] (arm_control_pkg) StdoutLine: {'line': b'running install\n'}
[2.096943] (nav_pkg) StdoutLine: {'line': b"writing list of installed files to '/home/fivejaewin/NILARM/build/nav_pkg/install.log'\n"}
[2.103040] (arm_control_pkg) StdoutLine: {'line': b'running install_lib\n'}
[2.104041] (-) TimerEvent: {}
[2.124076] (arm_control_pkg) StdoutLine: {'line': b'creating /home/fivejaewin/NILARM/install/arm_control_pkg/lib/python3.12/site-packages/arm_control_pkg\n'}
[2.124344] (arm_control_pkg) StdoutLine: {'line': b'copying /home/fivejaewin/NILARM/build/arm_control_pkg/build/lib/arm_control_pkg/__init__.py -> /home/fivejaewin/NILARM/install/arm_control_pkg/lib/python3.12/site-packages/arm_control_pkg\n'}
[2.124714] (arm_control_pkg) StdoutLine: {'line': b'byte-compiling /home/fivejaewin/NILARM/install/arm_control_pkg/lib/python3.12/site-packages/arm_control_pkg/__init__.py to __init__.cpython-312.pyc\n'}
[2.125021] (arm_control_pkg) StdoutLine: {'line': b'running install_data\n'}
[2.125346] (arm_control_pkg) StdoutLine: {'line': b'creating /home/fivejaewin/NILARM/install/arm_control_pkg/share/ament_index\n'}
[2.125636] (arm_control_pkg) StdoutLine: {'line': b'creating /home/fivejaewin/NILARM/install/arm_control_pkg/share/ament_index/resource_index\n'}
[2.125781] (arm_control_pkg) StdoutLine: {'line': b'creating /home/fivejaewin/NILARM/install/arm_control_pkg/share/ament_index/resource_index/packages\n'}
[2.125931] (arm_control_pkg) StdoutLine: {'line': b'copying resource/arm_control_pkg -> /home/fivejaewin/NILARM/install/arm_control_pkg/share/ament_index/resource_index/packages\n'}
[2.126057] (arm_control_pkg) StdoutLine: {'line': b'copying package.xml -> /home/fivejaewin/NILARM/install/arm_control_pkg/share/arm_control_pkg\n'}
[2.126178] (arm_control_pkg) StdoutLine: {'line': b'running install_egg_info\n'}
[2.133712] (nav_pkg) CommandEnded: {'returncode': 0}
[2.142368] (nav_pkg) JobEnded: {'identifier': 'nav_pkg', 'rc': 0}
[2.147059] (arm_control_pkg) StdoutLine: {'line': b'Copying ../../build/arm_control_pkg/arm_control_pkg.egg-info to /home/fivejaewin/NILARM/install/arm_control_pkg/lib/python3.12/site-packages/arm_control_pkg-0.0.0-py3.12.egg-info\n'}
[2.147772] (arm_control_pkg) StdoutLine: {'line': b'running install_scripts\n'}
[2.204203] (-) TimerEvent: {}
[2.286717] (arm_control_pkg) StdoutLine: {'line': b"writing list of installed files to '/home/fivejaewin/NILARM/build/arm_control_pkg/install.log'\n"}
[2.304319] (-) TimerEvent: {}
[2.324364] (arm_control_pkg) CommandEnded: {'returncode': 0}
[2.333082] (arm_control_pkg) JobEnded: {'identifier': 'arm_control_pkg', 'rc': 0}
[2.404468] (-) TimerEvent: {}
[2.504869] (-) TimerEvent: {}
[2.575986] (interfaces_pkg) StdoutLine: {'line': b'-- Using all available rosidl_typesupport_c: rosidl_typesupport_fastrtps_c;rosidl_typesupport_introspection_c\n'}
[2.605029] (-) TimerEvent: {}
[2.705480] (-) TimerEvent: {}
[2.805934] (-) TimerEvent: {}
[2.906286] (-) TimerEvent: {}
[3.006643] (-) TimerEvent: {}
[3.107068] (-) TimerEvent: {}
[3.207492] (-) TimerEvent: {}
[3.307923] (-) TimerEvent: {}
[3.384487] (interfaces_pkg) StdoutLine: {'line': b'-- Using all available rosidl_typesupport_cpp: rosidl_typesupport_fastrtps_cpp;rosidl_typesupport_introspection_cpp\n'}
[3.397280] (interfaces_pkg) StdoutLine: {'line': b'-- Found python_cmake_module: 0.11.1 (/opt/ros/jazzy/share/python_cmake_module/cmake)\n'}
[3.408208] (-) TimerEvent: {}
[3.508709] (-) TimerEvent: {}
[3.609133] (-) TimerEvent: {}
[3.638236] (interfaces_pkg) StdoutLine: {'line': b'-- Found PythonExtra: /usr/bin/python3  \n'}
[3.709280] (-) TimerEvent: {}
[3.809765] (-) TimerEvent: {}
[3.910240] (-) TimerEvent: {}
[4.010643] (-) TimerEvent: {}
[4.111116] (-) TimerEvent: {}
[4.211529] (-) TimerEvent: {}
[4.287141] (interfaces_pkg) StdoutLine: {'line': b'-- Found Python3: /usr/bin/python3 (found version "3.12.3") found components: Interpreter Development NumPy Development.Module Development.Embed \n'}
[4.311759] (-) TimerEvent: {}
[4.387166] (interfaces_pkg) StdoutLine: {'line': b'-- Found Python3: /usr/bin/python3 (found version "3.12.3") found components: Interpreter \n'}
[4.399559] (interfaces_pkg) StdoutLine: {'line': b'-- Configuring done (4.1s)\n'}
[4.411904] (-) TimerEvent: {}
[4.453840] (interfaces_pkg) StdoutLine: {'line': b'-- Generating done (0.0s)\n'}
[4.471600] (interfaces_pkg) StdoutLine: {'line': b'-- Build files have been written to: /home/fivejaewin/NILARM/build/interfaces_pkg\n'}
[4.481310] (interfaces_pkg) CommandEnded: {'returncode': 0}
[4.482084] (interfaces_pkg) JobProgress: {'identifier': 'interfaces_pkg', 'progress': 'build'}
[4.482852] (interfaces_pkg) Command: {'cmd': ['/usr/bin/cmake', '--build', '/home/fivejaewin/NILARM/build/interfaces_pkg', '--', '-j12', '-l12'], 'cwd': '/home/fivejaewin/NILARM/build/interfaces_pkg', 'env': OrderedDict({'LESSOPEN': '| /usr/bin/lesspipe %s', 'LANGUAGE': 'ko:en_US:en', 'USER': 'fivejaewin', 'LC_TIME': 'C.UTF-8', 'XDG_SESSION_TYPE': 'wayland', 'SHLVL': '1', 'LD_LIBRARY_PATH': '/opt/ros/jazzy/opt/rviz_ogre_vendor/lib:/opt/ros/jazzy/lib/x86_64-linux-gnu:/opt/ros/jazzy/opt/gz_math_vendor/lib:/opt/ros/jazzy/opt/gz_utils_vendor/lib:/opt/ros/jazzy/opt/gz_cmake_vendor/lib:/opt/ros/jazzy/lib', 'HOME': '/home/fivejaewin', 'OLDPWD': '/home/fivejaewin/NILARM/src', 'DESKTOP_SESSION': 'ubuntu', 'ROS_PYTHON_VERSION': '3', 'GNOME_SHELL_SESSION_MODE': 'ubuntu', 'GTK_MODULES': 'gail:atk-bridge', 'LC_MONETARY': 'C.UTF-8', 'MANAGERPID': '1981', 'SYSTEMD_EXEC_PID': '2434', 'GSM_SKIP_SSH_AGENT_WORKAROUND': 'true', 'DBUS_SESSION_BUS_ADDRESS': 'unix:path=/run/user/1000/bus', 'COLORTERM': 'truecolor', 'TERMINATOR_DBUS_NAME': 'net.tenshu.Terminator25ef4b219e3b005583550f2b0f9f990c3', 'GIO_LAUNCHED_DESKTOP_FILE_PID': '9553', 'GNOME_KEYRING_CONTROL': '/run/user/1000/keyring', 'DEBUGINFOD_URLS': 'https://debuginfod.ubuntu.com', 'IM_CONFIG_PHASE': '1', 'WAYLAND_DISPLAY': 'wayland-0', 'ROS_DISTRO': 'jazzy', 'LOGNAME': 'fivejaewin', 'JOURNAL_STREAM': '10:21784', '_': '/usr/bin/colcon', 'ROS_VERSION': '2', 'MEMORY_PRESSURE_WATCH': '/sys/fs/cgroup/user.slice/user-1000.slice/user@1000.service/session.slice/org.gnome.SettingsDaemon.MediaKeys.service/memory.pressure', 'XDG_SESSION_CLASS': 'user', 'USERNAME': 'fivejaewin', 'TERM': 'xterm-256color', 'GNOME_DESKTOP_SESSION_ID': 'this-is-deprecated', 'PATH': '/opt/ros/jazzy/bin:/home/fivejaewin/.local/bin:/usr/local/sbin:/usr/local/bin:/usr/sbin:/usr/bin:/sbin:/bin:/usr/games:/usr/local/games:/snap/bin:/snap/bin:/home/finejaewin/.local/bin:/home/finejaewin/.local/bin', 'SESSION_MANAGER': 'local/FIVEJAEWIN1004:@/tmp/.ICE-unix/2217,unix/FIVEJAEWIN1004:/tmp/.ICE-unix/2217', 'INVOCATION_ID': 'e2f3e70af03943979f3c77049f0bd7a0', 'PAPERSIZE': 'a4', 'XDG_MENU_PREFIX': 'gnome-', 'LC_ADDRESS': 'C.UTF-8', 'GNOME_SETUP_DISPLAY': ':1', 'XDG_RUNTIME_DIR': '/run/user/1000', 'DISPLAY': ':0', 'TERMINATOR_DBUS_PATH': '/net/tenshu/Terminator2', 'LANG': 'ko_KR.UTF-8', 'XDG_CURRENT_DESKTOP': 'ubuntu:GNOME', 'LC_TELEPHONE': 'C.UTF-8', 'XMODIFIERS': '@im=ibus', 'XDG_SESSION_DESKTOP': 'ubuntu', 'XAUTHORITY': '/run/user/1000/.mutter-Xwaylandauth.3CY5T3', 'LS_COLORS': 'rs=0:di=01;34:ln=01;36:mh=00:pi=40;33:so=01;35:do=01;35:bd=40;33;01:cd=40;33;01:or=40;31;01:mi=00:su=37;41:sg=30;43:ca=00:tw=30;42:ow=34;42:st=37;44:ex=01;32:*.tar=01;31:*.tgz=01;31:*.arc=01;31:*.arj=01;31:*.taz=01;31:*.lha=01;31:*.lz4=01;31:*.lzh=01;31:*.lzma=01;31:*.tlz=01;31:*.txz=01;31:*.tzo=01;31:*.t7z=01;31:*.zip=01;31:*.z=01;31:*.dz=01;31:*.gz=01;31:*.lrz=01;31:*.lz=01;31:*.lzo=01;31:*.xz=01;31:*.zst=01;31:*.tzst=01;31:*.bz2=01;31:*.bz=01;31:*.tbz=01;31:*.tbz2=01;31:*.tz=01;31:*.deb=01;31:*.rpm=01;31:*.jar=01;31:*.war=01;31:*.ear=01;31:*.sar=01;31:*.rar=01;31:*.alz=01;31:*.ace=01;31:*.zoo=01;31:*.cpio=01;31:*.7z=01;31:*.rz=01;31:*.cab=01;31:*.wim=01;31:*.swm=01;31:*.dwm=01;31:*.esd=01;31:*.avif=01;35:*.jpg=01;35:*.jpeg=01;35:*.mjpg=01;35:*.mjpeg=01;35:*.gif=01;35:*.bmp=01;35:*.pbm=01;35:*.pgm=01;35:*.ppm=01;35:*.tga=01;35:*.xbm=01;35:*.xpm=01;35:*.tif=01;35:*.tiff=01;35:*.png=01;35:*.svg=01;35:*.svgz=01;35:*.mng=01;35:*.pcx=01;35:*.mov=01;35:*.mpg=01;35:*.mpeg=01;35:*.m2v=01;35:*.mkv=01;35:*.webm=01;35:*.webp=01;35:*.ogm=01;35:*.mp4=01;35:*.m4v=01;35:*.mp4v=01;35:*.vob=01;35:*.qt=01;35:*.nuv=01;35:*.wmv=01;35:*.asf=01;35:*.rm=01;35:*.rmvb=01;35:*.flc=01;35:*.avi=01;35:*.fli=01;35:*.flv=01;35:*.gl=01;35:*.dl=01;35:*.xcf=01;35:*.xwd=01;35:*.yuv=01;35:*.cgm=01;35:*.emf=01;35:*.ogv=01;35:*.ogx=01;35:*.aac=00;36:*.au=00;36:*.flac=00;36:*.m4a=00;36:*.mid=00;36:*.midi=00;36:*.mka=00;36:*.mp3=00;36:*.mpc=00;36:*.ogg=00;36:*.ra=00;36:*.wav=00;36:*.oga=00;36:*.opus=00;36:*.spx=00;36:*.xspf=00;36:*~=00;90:*#=00;90:*.bak=00;90:*.crdownload=00;90:*.dpkg-dist=00;90:*.dpkg-new=00;90:*.dpkg-old=00;90:*.dpkg-tmp=00;90:*.old=00;90:*.orig=00;90:*.part=00;90:*.rej=00;90:*.rpmnew=00;90:*.rpmorig=00;90:*.rpmsave=00;90:*.swp=00;90:*.tmp=00;90:*.ucf-dist=00;90:*.ucf-new=00;90:*.ucf-old=00;90:', 'SSH_AUTH_SOCK': '/run/user/1000/keyring/ssh', 'ROS_DOMAIN_ID': '99', 'AMENT_PREFIX_PATH': '/opt/ros/jazzy', 'SHELL': '/bin/bash', 'LC_NAME': 'C.UTF-8', 'TERMINATOR_UUID': 'urn:uuid:481c1a33-b5b4-4fc9-a80a-88de6ce12b8d', 'QT_ACCESSIBILITY': '1', 'GDMSESSION': 'ubuntu', 'LESSCLOSE': '/usr/bin/lesspipe %s %s', 'LC_MEASUREMENT': 'C.UTF-8', 'LC_IDENTIFICATION': 'C.UTF-8', 'ROS_AUTOMATIC_DISCOVERY_RANGE': 'SUBNET', 'QT_IM_MODULE': 'ibus', 'PWD': '/home/fivejaewin/NILARM/build/interfaces_pkg', 'XDG_CONFIG_DIRS': '/etc/xdg/xdg-ubuntu:/etc/xdg', 'XDG_DATA_DIRS': '/usr/share/ubuntu:/usr/share/gnome:/usr/local/share/:/usr/share/:/var/lib/snapd/desktop', 'PYTHONPATH': '/opt/ros/jazzy/lib/python3.12/site-packages', 'LC_NUMERIC': 'C.UTF-8', 'LC_PAPER': 'C.UTF-8', 'COLCON': '1', 'MEMORY_PRESSURE_WRITE': 'c29tZSAyMDAwMDAgMjAwMDAwMAA=', 'VTE_VERSION': '7600', 'CMAKE_PREFIX_PATH': '/opt/ros/jazzy/opt/gz_math_vendor:/opt/ros/jazzy/opt/gz_utils_vendor:/opt/ros/jazzy/opt/gz_cmake_vendor:/opt/ros/jazzy'}), 'shell': False}
[4.512022] (-) TimerEvent: {}
[4.550639] (interfaces_pkg) StdoutLine: {'line': b'[  2%] \x1b[34m\x1b[1mGenerating type hashes for ROS interfaces\x1b[0m\n'}
[4.551123] (interfaces_pkg) StdoutLine: {'line': b'[  2%] \x1b[34m\x1b[1mGenerating Rust code for ROS interfaces\x1b[0m\n'}
[4.553170] (interfaces_pkg) StdoutLine: {'line': b'[  2%] Built target ament_cmake_python_copy_interfaces_pkg\n'}
[4.612163] (-) TimerEvent: {}
[4.712526] (-) TimerEvent: {}
[4.812888] (-) TimerEvent: {}
[4.838325] (interfaces_pkg) StdoutLine: {'line': b'running egg_info\n'}
[4.847212] (interfaces_pkg) StdoutLine: {'line': b'creating interfaces_pkg.egg-info\n'}
[4.877823] (interfaces_pkg) StdoutLine: {'line': b'writing interfaces_pkg.egg-info/PKG-INFO\n'}
[4.878209] (interfaces_pkg) StdoutLine: {'line': b'writing dependency_links to interfaces_pkg.egg-info/dependency_links.txt\n'}
[4.878558] (interfaces_pkg) StdoutLine: {'line': b'writing top-level names to interfaces_pkg.egg-info/top_level.txt\n'}
[4.878734] (interfaces_pkg) StdoutLine: {'line': b"writing manifest file 'interfaces_pkg.egg-info/SOURCES.txt'\n"}
[4.913029] (-) TimerEvent: {}
[4.961150] (interfaces_pkg) StdoutLine: {'line': b"reading manifest file 'interfaces_pkg.egg-info/SOURCES.txt'\n"}
[4.961758] (interfaces_pkg) StdoutLine: {'line': b"writing manifest file 'interfaces_pkg.egg-info/SOURCES.txt'\n"}
[4.997678] (interfaces_pkg) StdoutLine: {'line': b'[  2%] Built target ament_cmake_python_build_interfaces_pkg_egg\n'}
[5.013214] (-) TimerEvent: {}
[5.035075] (interfaces_pkg) StdoutLine: {'line': b'[  2%] Built target interfaces_pkg__rosidl_generator_type_description\n'}
[5.049727] (interfaces_pkg) StdoutLine: {'line': b'[  4%] \x1b[34m\x1b[1mGenerating C code for ROS interfaces\x1b[0m\n'}
[5.064117] (interfaces_pkg) StdoutLine: {'line': b'[  5%] \x1b[34m\x1b[1mGenerating C++ code for ROS interfaces\x1b[0m\n'}
[5.113384] (-) TimerEvent: {}
[5.166003] (interfaces_pkg) StdoutLine: {'line': b'[  5%] Built target interfaces_pkg__rs\n'}
[5.213523] (-) TimerEvent: {}
[5.313897] (-) TimerEvent: {}
[5.414246] (-) TimerEvent: {}
[5.514661] (-) TimerEvent: {}
[5.615067] (-) TimerEvent: {}
[5.715476] (-) TimerEvent: {}
[5.815897] (-) TimerEvent: {}
[5.916335] (-) TimerEvent: {}
[6.016685] (-) TimerEvent: {}
[6.084317] (interfaces_pkg) StdoutLine: {'line': b'[  5%] Built target interfaces_pkg__cpp\n'}
[6.116835] (-) TimerEvent: {}
[6.172946] (interfaces_pkg) StdoutLine: {'line': b'[  6%] \x1b[32mBuilding C object CMakeFiles/interfaces_pkg__rosidl_generator_c.dir/rosidl_generator_c/interfaces_pkg/msg/detail/fruit_detection__description.c.o\x1b[0m\n'}
[6.176413] (interfaces_pkg) StdoutLine: {'line': b'[  8%] \x1b[32mBuilding C object CMakeFiles/interfaces_pkg__rosidl_generator_c.dir/rosidl_generator_c/interfaces_pkg/msg/detail/fruit_detection__functions.c.o\x1b[0m\n'}
[6.177170] (interfaces_pkg) StdoutLine: {'line': b'[  9%] \x1b[32mBuilding C object CMakeFiles/interfaces_pkg__rosidl_generator_c.dir/rosidl_generator_c/interfaces_pkg/msg/detail/fruit_detection__type_support.c.o\x1b[0m\n'}
[6.177952] (interfaces_pkg) StdoutLine: {'line': b'[ 13%] \x1b[32mBuilding C object CMakeFiles/interfaces_pkg__rosidl_generator_c.dir/rosidl_generator_c/interfaces_pkg/msg/detail/basket_status__description.c.o\x1b[0m\n'}
[6.178276] (interfaces_pkg) StdoutLine: {'line': b'[ 13%] \x1b[32mBuilding C object CMakeFiles/interfaces_pkg__rosidl_generator_c.dir/rosidl_generator_c/interfaces_pkg/msg/detail/basket_status__type_support.c.o\x1b[0m\n'}
[6.178554] (interfaces_pkg) StdoutLine: {'line': b'[ 13%] \x1b[32mBuilding C object CMakeFiles/interfaces_pkg__rosidl_generator_c.dir/rosidl_generator_c/interfaces_pkg/msg/detail/basket_status__functions.c.o\x1b[0m\n'}
[6.178963] (interfaces_pkg) StdoutLine: {'line': b'[ 14%] \x1b[32mBuilding C object CMakeFiles/interfaces_pkg__rosidl_generator_c.dir/rosidl_generator_c/interfaces_pkg/msg/detail/mission_state__description.c.o\x1b[0m\n'}
[6.179233] (interfaces_pkg) StdoutLine: {'line': b'[ 16%] \x1b[32mBuilding C object CMakeFiles/interfaces_pkg__rosidl_generator_c.dir/rosidl_generator_c/interfaces_pkg/msg/detail/mission_state__type_support.c.o\x1b[0m\n'}
[6.179462] (interfaces_pkg) StdoutLine: {'line': b'[ 17%] \x1b[32mBuilding C object CMakeFiles/interfaces_pkg__rosidl_generator_c.dir/rosidl_generator_c/interfaces_pkg/msg/detail/mission_state__functions.c.o\x1b[0m\n'}
[6.179693] (interfaces_pkg) StdoutLine: {'line': b'[ 18%] \x1b[32mBuilding C object CMakeFiles/interfaces_pkg__rosidl_generator_c.dir/rosidl_generator_c/interfaces_pkg/action/detail/harvest__functions.c.o\x1b[0m\n'}
[6.180222] (interfaces_pkg) StdoutLine: {'line': b'[ 20%] \x1b[32mBuilding C object CMakeFiles/interfaces_pkg__rosidl_generator_c.dir/rosidl_generator_c/interfaces_pkg/action/detail/harvest__description.c.o\x1b[0m\n'}
[6.180810] (interfaces_pkg) StdoutLine: {'line': b'[ 21%] \x1b[32mBuilding C object CMakeFiles/interfaces_pkg__rosidl_generator_c.dir/rosidl_generator_c/interfaces_pkg/action/detail/harvest__type_support.c.o\x1b[0m\n'}
[6.217005] (-) TimerEvent: {}
[6.265981] (interfaces_pkg) StdoutLine: {'line': b'[ 22%] \x1b[32mBuilding C object CMakeFiles/interfaces_pkg__rosidl_generator_c.dir/rosidl_generator_c/interfaces_pkg/action/detail/dump_basket__description.c.o\x1b[0m\n'}
[6.266759] (interfaces_pkg) StdoutLine: {'line': b'[ 24%] \x1b[32mBuilding C object CMakeFiles/interfaces_pkg__rosidl_generator_c.dir/rosidl_generator_c/interfaces_pkg/action/detail/dump_basket__type_support.c.o\x1b[0m\n'}
[6.269611] (interfaces_pkg) StdoutLine: {'line': b'[ 25%] \x1b[32mBuilding C object CMakeFiles/interfaces_pkg__rosidl_generator_c.dir/rosidl_generator_c/interfaces_pkg/action/detail/dump_basket__functions.c.o\x1b[0m\n'}
[6.317134] (-) TimerEvent: {}
[6.417589] (-) TimerEvent: {}
[6.464673] (interfaces_pkg) StdoutLine: {'line': b'[ 26%] \x1b[32m\x1b[1mLinking C shared library libinterfaces_pkg__rosidl_generator_c.so\x1b[0m\n'}
[6.513066] (interfaces_pkg) StdoutLine: {'line': b'[ 26%] Built target interfaces_pkg__rosidl_generator_c\n'}
[6.517705] (-) TimerEvent: {}
[6.524899] (interfaces_pkg) StdoutLine: {'line': b'[ 28%] \x1b[34m\x1b[1mGenerating C++ introspection for ROS interfaces\x1b[0m\n'}
[6.525215] (interfaces_pkg) StdoutLine: {'line': b'[ 29%] \x1b[34m\x1b[1mGenerating C++ type support dispatch for ROS interfaces\x1b[0m\n'}
[6.528239] (interfaces_pkg) StdoutLine: {'line': b'[ 33%] \x1b[34m\x1b[1mGenerating C type support for eProsima Fast-RTPS\x1b[0m\n'}
[6.528577] (interfaces_pkg) StdoutLine: {'line': b'[ 33%] \x1b[34m\x1b[1mGenerating C type support dispatch for ROS interfaces\x1b[0m\n'}
[6.528725] (interfaces_pkg) StdoutLine: {'line': b'[ 33%] \x1b[34m\x1b[1mGenerating C introspection for ROS interfaces\x1b[0m\n'}
[6.528877] (interfaces_pkg) StdoutLine: {'line': b'[ 34%] \x1b[34m\x1b[1mGenerating C++ type support for eProsima Fast-RTPS\x1b[0m\n'}
[6.617811] (-) TimerEvent: {}
[6.718924] (-) TimerEvent: {}
[6.819286] (-) TimerEvent: {}
[6.919640] (-) TimerEvent: {}
[7.019929] (-) TimerEvent: {}
[7.120273] (-) TimerEvent: {}
[7.220620] (-) TimerEvent: {}
[7.320982] (-) TimerEvent: {}
[7.377140] (interfaces_pkg) StdoutLine: {'line': b'[ 37%] \x1b[32mBuilding CXX object CMakeFiles/interfaces_pkg__rosidl_typesupport_c.dir/rosidl_typesupport_c/interfaces_pkg/action/harvest__type_support.cpp.o\x1b[0m\n'}
[7.377468] (interfaces_pkg) StdoutLine: {'line': b'[ 37%] \x1b[32mBuilding CXX object CMakeFiles/interfaces_pkg__rosidl_typesupport_c.dir/rosidl_typesupport_c/interfaces_pkg/msg/basket_status__type_support.cpp.o\x1b[0m\n'}
[7.377642] (interfaces_pkg) StdoutLine: {'line': b'[ 38%] \x1b[32mBuilding CXX object CMakeFiles/interfaces_pkg__rosidl_typesupport_c.dir/rosidl_typesupport_c/interfaces_pkg/msg/fruit_detection__type_support.cpp.o\x1b[0m\n'}
[7.379222] (interfaces_pkg) StdoutLine: {'line': b'[ 40%] \x1b[32mBuilding CXX object CMakeFiles/interfaces_pkg__rosidl_typesupport_c.dir/rosidl_typesupport_c/interfaces_pkg/msg/mission_state__type_support.cpp.o\x1b[0m\n'}
[7.380662] (interfaces_pkg) StdoutLine: {'line': b'[ 41%] \x1b[32mBuilding CXX object CMakeFiles/interfaces_pkg__rosidl_typesupport_c.dir/rosidl_typesupport_c/interfaces_pkg/action/dump_basket__type_support.cpp.o\x1b[0m\n'}
[7.400634] (interfaces_pkg) StdoutLine: {'line': b'[ 44%] \x1b[32mBuilding CXX object CMakeFiles/interfaces_pkg__rosidl_typesupport_cpp.dir/rosidl_typesupport_cpp/interfaces_pkg/msg/basket_status__type_support.cpp.o\x1b[0m\n'}
[7.400999] (interfaces_pkg) StdoutLine: {'line': b'[ 44%] \x1b[32mBuilding CXX object CMakeFiles/interfaces_pkg__rosidl_typesupport_cpp.dir/rosidl_typesupport_cpp/interfaces_pkg/msg/fruit_detection__type_support.cpp.o\x1b[0m\n'}
[7.402557] (interfaces_pkg) StdoutLine: {'line': b'[ 45%] \x1b[32mBuilding CXX object CMakeFiles/interfaces_pkg__rosidl_typesupport_cpp.dir/rosidl_typesupport_cpp/interfaces_pkg/msg/mission_state__type_support.cpp.o\x1b[0m\n'}
[7.421103] (-) TimerEvent: {}
[7.461917] (interfaces_pkg) StdoutLine: {'line': b'[ 46%] \x1b[32mBuilding CXX object CMakeFiles/interfaces_pkg__rosidl_typesupport_cpp.dir/rosidl_typesupport_cpp/interfaces_pkg/action/harvest__type_support.cpp.o\x1b[0m\n'}
[7.465026] (interfaces_pkg) StdoutLine: {'line': b'[ 48%] \x1b[32mBuilding CXX object CMakeFiles/interfaces_pkg__rosidl_typesupport_cpp.dir/rosidl_typesupport_cpp/interfaces_pkg/action/dump_basket__type_support.cpp.o\x1b[0m\n'}
[7.491727] (interfaces_pkg) StdoutLine: {'line': b'[ 49%] \x1b[32m\x1b[1mLinking CXX shared library libinterfaces_pkg__rosidl_typesupport_c.so\x1b[0m\n'}
[7.521942] (-) TimerEvent: {}
[7.566320] (interfaces_pkg) StdoutLine: {'line': b'[ 49%] Built target interfaces_pkg__rosidl_typesupport_c\n'}
[7.597689] (interfaces_pkg) StdoutLine: {'line': b'[ 52%] \x1b[32mBuilding CXX object CMakeFiles/interfaces_pkg__rosidl_typesupport_introspection_cpp.dir/rosidl_typesupport_introspection_cpp/interfaces_pkg/msg/detail/basket_status__type_support.cpp.o\x1b[0m\n'}
[7.598119] (interfaces_pkg) StdoutLine: {'line': b'[ 52%] \x1b[32mBuilding CXX object CMakeFiles/interfaces_pkg__rosidl_typesupport_introspection_cpp.dir/rosidl_typesupport_introspection_cpp/interfaces_pkg/msg/detail/fruit_detection__type_support.cpp.o\x1b[0m\n'}
[7.599871] (interfaces_pkg) StdoutLine: {'line': b'[ 53%] \x1b[32mBuilding CXX object CMakeFiles/interfaces_pkg__rosidl_typesupport_introspection_cpp.dir/rosidl_typesupport_introspection_cpp/interfaces_pkg/action/detail/harvest__type_support.cpp.o\x1b[0m\n'}
[7.612955] (interfaces_pkg) StdoutLine: {'line': b'[ 54%] \x1b[32mBuilding CXX object CMakeFiles/interfaces_pkg__rosidl_typesupport_introspection_cpp.dir/rosidl_typesupport_introspection_cpp/interfaces_pkg/msg/detail/mission_state__type_support.cpp.o\x1b[0m\n'}
[7.622064] (-) TimerEvent: {}
[7.722535] (-) TimerEvent: {}
[7.816019] (interfaces_pkg) StdoutLine: {'line': b'[ 56%] \x1b[32mBuilding C object CMakeFiles/interfaces_pkg__rosidl_typesupport_introspection_c.dir/rosidl_typesupport_introspection_c/interfaces_pkg/msg/detail/fruit_detection__type_support.c.o\x1b[0m\n'}
[7.822679] (-) TimerEvent: {}
[7.882820] (interfaces_pkg) StdoutLine: {'line': b'[ 57%] \x1b[32mBuilding C object CMakeFiles/interfaces_pkg__rosidl_typesupport_introspection_c.dir/rosidl_typesupport_introspection_c/interfaces_pkg/msg/detail/basket_status__type_support.c.o\x1b[0m\n'}
[7.922821] (-) TimerEvent: {}
[7.951272] (interfaces_pkg) StdoutLine: {'line': b'[ 58%] \x1b[32mBuilding C object CMakeFiles/interfaces_pkg__rosidl_typesupport_introspection_c.dir/rosidl_typesupport_introspection_c/interfaces_pkg/msg/detail/mission_state__type_support.c.o\x1b[0m\n'}
[8.022954] (-) TimerEvent: {}
[8.052827] (interfaces_pkg) StdoutLine: {'line': b'[ 60%] \x1b[32mBuilding CXX object CMakeFiles/interfaces_pkg__rosidl_typesupport_introspection_cpp.dir/rosidl_typesupport_introspection_cpp/interfaces_pkg/action/detail/dump_basket__type_support.cpp.o\x1b[0m\n'}
[8.053278] (interfaces_pkg) StdoutLine: {'line': b'[ 61%] \x1b[32mBuilding C object CMakeFiles/interfaces_pkg__rosidl_typesupport_introspection_c.dir/rosidl_typesupport_introspection_c/interfaces_pkg/action/detail/harvest__type_support.c.o\x1b[0m\n'}
[8.066026] (interfaces_pkg) StdoutLine: {'line': b'[ 62%] \x1b[32mBuilding C object CMakeFiles/interfaces_pkg__rosidl_typesupport_introspection_c.dir/rosidl_typesupport_introspection_c/interfaces_pkg/action/detail/dump_basket__type_support.c.o\x1b[0m\n'}
[8.123948] (-) TimerEvent: {}
[8.128014] (interfaces_pkg) StdoutLine: {'line': b'[ 64%] \x1b[32mBuilding CXX object CMakeFiles/interfaces_pkg__rosidl_typesupport_fastrtps_cpp.dir/rosidl_typesupport_fastrtps_cpp/interfaces_pkg/msg/detail/dds_fastrtps/fruit_detection__type_support.cpp.o\x1b[0m\n'}
[8.130470] (interfaces_pkg) StdoutLine: {'line': b'[ 65%] \x1b[32mBuilding CXX object CMakeFiles/interfaces_pkg__rosidl_typesupport_fastrtps_cpp.dir/rosidl_typesupport_fastrtps_cpp/interfaces_pkg/msg/detail/dds_fastrtps/basket_status__type_support.cpp.o\x1b[0m\n'}
[8.176927] (interfaces_pkg) StdoutLine: {'line': b'[ 66%] \x1b[32mBuilding CXX object CMakeFiles/interfaces_pkg__rosidl_typesupport_fastrtps_cpp.dir/rosidl_typesupport_fastrtps_cpp/interfaces_pkg/msg/detail/dds_fastrtps/mission_state__type_support.cpp.o\x1b[0m\n'}
[8.188585] (interfaces_pkg) StdoutLine: {'line': b'[ 68%] \x1b[32m\x1b[1mLinking C shared library libinterfaces_pkg__rosidl_typesupport_introspection_c.so\x1b[0m\n'}
[8.203204] (interfaces_pkg) StdoutLine: {'line': b'[ 69%] \x1b[32mBuilding CXX object CMakeFiles/interfaces_pkg__rosidl_typesupport_fastrtps_cpp.dir/rosidl_typesupport_fastrtps_cpp/interfaces_pkg/action/detail/dds_fastrtps/harvest__type_support.cpp.o\x1b[0m\n'}
[8.207931] (interfaces_pkg) StdoutLine: {'line': b'[ 70%] \x1b[32mBuilding CXX object CMakeFiles/interfaces_pkg__rosidl_typesupport_fastrtps_cpp.dir/rosidl_typesupport_fastrtps_cpp/interfaces_pkg/action/detail/dds_fastrtps/dump_basket__type_support.cpp.o\x1b[0m\n'}
[8.224093] (-) TimerEvent: {}
[8.250175] (interfaces_pkg) StdoutLine: {'line': b'[ 70%] Built target interfaces_pkg__rosidl_typesupport_introspection_c\n'}
[8.324234] (-) TimerEvent: {}
[8.341624] (interfaces_pkg) StdoutLine: {'line': b'[ 72%] \x1b[32mBuilding CXX object CMakeFiles/interfaces_pkg__rosidl_typesupport_fastrtps_c.dir/rosidl_typesupport_fastrtps_c/interfaces_pkg/msg/detail/fruit_detection__type_support_c.cpp.o\x1b[0m\n'}
[8.342787] (interfaces_pkg) StdoutLine: {'line': b'[ 73%] \x1b[32mBuilding CXX object CMakeFiles/interfaces_pkg__rosidl_typesupport_fastrtps_c.dir/rosidl_typesupport_fastrtps_c/interfaces_pkg/msg/detail/mission_state__type_support_c.cpp.o\x1b[0m\n'}
[8.343955] (interfaces_pkg) StdoutLine: {'line': b'[ 74%] \x1b[32mBuilding CXX object CMakeFiles/interfaces_pkg__rosidl_typesupport_fastrtps_c.dir/rosidl_typesupport_fastrtps_c/interfaces_pkg/msg/detail/basket_status__type_support_c.cpp.o\x1b[0m\n'}
[8.424953] (-) TimerEvent: {}
[8.526079] (-) TimerEvent: {}
[8.626645] (-) TimerEvent: {}
[8.727153] (-) TimerEvent: {}
[8.802199] (interfaces_pkg) StdoutLine: {'line': b'[ 76%] \x1b[32mBuilding CXX object CMakeFiles/interfaces_pkg__rosidl_typesupport_fastrtps_c.dir/rosidl_typesupport_fastrtps_c/interfaces_pkg/action/detail/harvest__type_support_c.cpp.o\x1b[0m\n'}
[8.828110] (-) TimerEvent: {}
[8.859041] (interfaces_pkg) StdoutLine: {'line': b'[ 77%] \x1b[32m\x1b[1mLinking CXX shared library libinterfaces_pkg__rosidl_typesupport_cpp.so\x1b[0m\n'}
[8.928285] (-) TimerEvent: {}
[9.030169] (-) TimerEvent: {}
[9.033046] (interfaces_pkg) StdoutLine: {'line': b'[ 77%] Built target interfaces_pkg__rosidl_typesupport_cpp\n'}
[9.044977] (interfaces_pkg) StdoutLine: {'line': b'[ 78%] \x1b[32mBuilding CXX object CMakeFiles/interfaces_pkg__rosidl_typesupport_fastrtps_c.dir/rosidl_typesupport_fastrtps_c/interfaces_pkg/action/detail/dump_basket__type_support_c.cpp.o\x1b[0m\n'}
[9.130343] (-) TimerEvent: {}
[9.232955] (-) TimerEvent: {}
[9.333394] (-) TimerEvent: {}
[9.435993] (-) TimerEvent: {}
[9.524940] (interfaces_pkg) StdoutLine: {'line': b'[ 80%] \x1b[32m\x1b[1mLinking CXX shared library libinterfaces_pkg__rosidl_typesupport_introspection_cpp.so\x1b[0m\n'}
[9.536119] (-) TimerEvent: {}
[9.636559] (-) TimerEvent: {}
[9.663320] (interfaces_pkg) StdoutLine: {'line': b'[ 80%] Built target interfaces_pkg__rosidl_typesupport_introspection_cpp\n'}
[9.736727] (-) TimerEvent: {}
[9.837122] (-) TimerEvent: {}
[9.937465] (-) TimerEvent: {}
[10.024689] (interfaces_pkg) StdoutLine: {'line': b'[ 81%] \x1b[32m\x1b[1mLinking CXX shared library libinterfaces_pkg__rosidl_typesupport_fastrtps_cpp.so\x1b[0m\n'}
[10.037643] (-) TimerEvent: {}
[10.040744] (interfaces_pkg) StdoutLine: {'line': b'[ 82%] \x1b[32m\x1b[1mLinking CXX shared library libinterfaces_pkg__rosidl_typesupport_fastrtps_c.so\x1b[0m\n'}
[10.135880] (interfaces_pkg) StdoutLine: {'line': b'[ 82%] Built target interfaces_pkg__rosidl_typesupport_fastrtps_cpp\n'}
[10.137806] (-) TimerEvent: {}
[10.158975] (interfaces_pkg) StdoutLine: {'line': b'[ 82%] Built target interfaces_pkg__rosidl_typesupport_fastrtps_c\n'}
[10.185349] (interfaces_pkg) StdoutLine: {'line': b'[ 82%] Built target interfaces_pkg\n'}
[10.211431] (interfaces_pkg) StdoutLine: {'line': b'[ 84%] \x1b[34m\x1b[1mGenerating Python code for ROS interfaces\x1b[0m\n'}
[10.238025] (-) TimerEvent: {}
[10.338462] (-) TimerEvent: {}
[10.438893] (-) TimerEvent: {}
[10.539343] (-) TimerEvent: {}
[10.639646] (-) TimerEvent: {}
[10.740060] (-) TimerEvent: {}
[10.840480] (-) TimerEvent: {}
[10.940892] (-) TimerEvent: {}
[11.041311] (-) TimerEvent: {}
[11.141622] (-) TimerEvent: {}
[11.242036] (-) TimerEvent: {}
[11.342362] (-) TimerEvent: {}
[11.442788] (-) TimerEvent: {}
[11.543198] (-) TimerEvent: {}
[11.643523] (-) TimerEvent: {}
[11.743851] (-) TimerEvent: {}
[11.844321] (-) TimerEvent: {}
[11.944675] (-) TimerEvent: {}
[11.971479] (interfaces_pkg) StdoutLine: {'line': b'[ 84%] Built target interfaces_pkg__py\n'}
[12.007128] (interfaces_pkg) StdoutLine: {'line': b'[ 85%] \x1b[32mBuilding C object CMakeFiles/interfaces_pkg__rosidl_generator_py.dir/rosidl_generator_py/interfaces_pkg/msg/_basket_status_s.c.o\x1b[0m\n'}
[12.009809] (interfaces_pkg) StdoutLine: {'line': b'[ 86%] \x1b[32mBuilding C object CMakeFiles/interfaces_pkg__rosidl_generator_py.dir/rosidl_generator_py/interfaces_pkg/msg/_fruit_detection_s.c.o\x1b[0m\n'}
[12.010508] (interfaces_pkg) StdoutLine: {'line': b'[ 88%] \x1b[32mBuilding C object CMakeFiles/interfaces_pkg__rosidl_generator_py.dir/rosidl_generator_py/interfaces_pkg/msg/_mission_state_s.c.o\x1b[0m\n'}
[12.011204] (interfaces_pkg) StdoutLine: {'line': b'[ 89%] \x1b[32mBuilding C object CMakeFiles/interfaces_pkg__rosidl_generator_py.dir/rosidl_generator_py/interfaces_pkg/action/_harvest_s.c.o\x1b[0m\n'}
[12.012163] (interfaces_pkg) StdoutLine: {'line': b'[ 90%] \x1b[32mBuilding C object CMakeFiles/interfaces_pkg__rosidl_generator_py.dir/rosidl_generator_py/interfaces_pkg/action/_dump_basket_s.c.o\x1b[0m\n'}
[12.044844] (-) TimerEvent: {}
[12.145232] (-) TimerEvent: {}
[12.245616] (-) TimerEvent: {}
[12.321716] (interfaces_pkg) StdoutLine: {'line': b'[ 92%] \x1b[32m\x1b[1mLinking C shared library libinterfaces_pkg__rosidl_generator_py.so\x1b[0m\n'}
[12.345847] (-) TimerEvent: {}
[12.383529] (interfaces_pkg) StdoutLine: {'line': b'[ 92%] Built target interfaces_pkg__rosidl_generator_py\n'}
[12.409987] (interfaces_pkg) StdoutLine: {'line': b'[ 93%] \x1b[32mBuilding C object CMakeFiles/interfaces_pkg_s__rosidl_typesupport_fastrtps_c.dir/rosidl_generator_py/interfaces_pkg/_interfaces_pkg_s.ep.rosidl_typesupport_fastrtps_c.c.o\x1b[0m\n'}
[12.410805] (interfaces_pkg) StdoutLine: {'line': b'[ 96%] \x1b[32mBuilding C object CMakeFiles/interfaces_pkg_s__rosidl_typesupport_c.dir/rosidl_generator_py/interfaces_pkg/_interfaces_pkg_s.ep.rosidl_typesupport_c.c.o\x1b[0m\n'}
[12.411043] (interfaces_pkg) StdoutLine: {'line': b'[ 96%] \x1b[32mBuilding C object CMakeFiles/interfaces_pkg_s__rosidl_typesupport_introspection_c.dir/rosidl_generator_py/interfaces_pkg/_interfaces_pkg_s.ep.rosidl_typesupport_introspection_c.c.o\x1b[0m\n'}
[12.445979] (-) TimerEvent: {}
[12.546372] (-) TimerEvent: {}
[12.607269] (interfaces_pkg) StdoutLine: {'line': b'[ 97%] \x1b[32m\x1b[1mLinking C shared module rosidl_generator_py/interfaces_pkg/interfaces_pkg_s__rosidl_typesupport_c.so\x1b[0m\n'}
[12.640765] (interfaces_pkg) StdoutLine: {'line': b'[ 98%] \x1b[32m\x1b[1mLinking C shared module rosidl_generator_py/interfaces_pkg/interfaces_pkg_s__rosidl_typesupport_fastrtps_c.so\x1b[0m\n'}
[12.643311] (interfaces_pkg) StdoutLine: {'line': b'[ 98%] Built target interfaces_pkg_s__rosidl_typesupport_c\n'}
[12.646505] (-) TimerEvent: {}
[12.662549] (interfaces_pkg) StdoutLine: {'line': b'[100%] \x1b[32m\x1b[1mLinking C shared module rosidl_generator_py/interfaces_pkg/interfaces_pkg_s__rosidl_typesupport_introspection_c.so\x1b[0m\n'}
[12.684695] (interfaces_pkg) StdoutLine: {'line': b'[100%] Built target interfaces_pkg_s__rosidl_typesupport_fastrtps_c\n'}
[12.715105] (interfaces_pkg) StdoutLine: {'line': b'[100%] Built target interfaces_pkg_s__rosidl_typesupport_introspection_c\n'}
[12.734892] (interfaces_pkg) CommandEnded: {'returncode': 0}
[12.736028] (interfaces_pkg) JobProgress: {'identifier': 'interfaces_pkg', 'progress': 'install'}
[12.746658] (-) TimerEvent: {}
[12.750564] (interfaces_pkg) Command: {'cmd': ['/usr/bin/cmake', '--install', '/home/fivejaewin/NILARM/build/interfaces_pkg'], 'cwd': '/home/fivejaewin/NILARM/build/interfaces_pkg', 'env': OrderedDict({'LESSOPEN': '| /usr/bin/lesspipe %s', 'LANGUAGE': 'ko:en_US:en', 'USER': 'fivejaewin', 'LC_TIME': 'C.UTF-8', 'XDG_SESSION_TYPE': 'wayland', 'SHLVL': '1', 'LD_LIBRARY_PATH': '/opt/ros/jazzy/opt/rviz_ogre_vendor/lib:/opt/ros/jazzy/lib/x86_64-linux-gnu:/opt/ros/jazzy/opt/gz_math_vendor/lib:/opt/ros/jazzy/opt/gz_utils_vendor/lib:/opt/ros/jazzy/opt/gz_cmake_vendor/lib:/opt/ros/jazzy/lib', 'HOME': '/home/fivejaewin', 'OLDPWD': '/home/fivejaewin/NILARM/src', 'DESKTOP_SESSION': 'ubuntu', 'ROS_PYTHON_VERSION': '3', 'GNOME_SHELL_SESSION_MODE': 'ubuntu', 'GTK_MODULES': 'gail:atk-bridge', 'LC_MONETARY': 'C.UTF-8', 'MANAGERPID': '1981', 'SYSTEMD_EXEC_PID': '2434', 'GSM_SKIP_SSH_AGENT_WORKAROUND': 'true', 'DBUS_SESSION_BUS_ADDRESS': 'unix:path=/run/user/1000/bus', 'COLORTERM': 'truecolor', 'TERMINATOR_DBUS_NAME': 'net.tenshu.Terminator25ef4b219e3b005583550f2b0f9f990c3', 'GIO_LAUNCHED_DESKTOP_FILE_PID': '9553', 'GNOME_KEYRING_CONTROL': '/run/user/1000/keyring', 'DEBUGINFOD_URLS': 'https://debuginfod.ubuntu.com', 'IM_CONFIG_PHASE': '1', 'WAYLAND_DISPLAY': 'wayland-0', 'ROS_DISTRO': 'jazzy', 'LOGNAME': 'fivejaewin', 'JOURNAL_STREAM': '10:21784', '_': '/usr/bin/colcon', 'ROS_VERSION': '2', 'MEMORY_PRESSURE_WATCH': '/sys/fs/cgroup/user.slice/user-1000.slice/user@1000.service/session.slice/org.gnome.SettingsDaemon.MediaKeys.service/memory.pressure', 'XDG_SESSION_CLASS': 'user', 'USERNAME': 'fivejaewin', 'TERM': 'xterm-256color', 'GNOME_DESKTOP_SESSION_ID': 'this-is-deprecated', 'PATH': '/opt/ros/jazzy/bin:/home/fivejaewin/.local/bin:/usr/local/sbin:/usr/local/bin:/usr/sbin:/usr/bin:/sbin:/bin:/usr/games:/usr/local/games:/snap/bin:/snap/bin:/home/finejaewin/.local/bin:/home/finejaewin/.local/bin', 'SESSION_MANAGER': 'local/FIVEJAEWIN1004:@/tmp/.ICE-unix/2217,unix/FIVEJAEWIN1004:/tmp/.ICE-unix/2217', 'INVOCATION_ID': 'e2f3e70af03943979f3c77049f0bd7a0', 'PAPERSIZE': 'a4', 'XDG_MENU_PREFIX': 'gnome-', 'LC_ADDRESS': 'C.UTF-8', 'GNOME_SETUP_DISPLAY': ':1', 'XDG_RUNTIME_DIR': '/run/user/1000', 'DISPLAY': ':0', 'TERMINATOR_DBUS_PATH': '/net/tenshu/Terminator2', 'LANG': 'ko_KR.UTF-8', 'XDG_CURRENT_DESKTOP': 'ubuntu:GNOME', 'LC_TELEPHONE': 'C.UTF-8', 'XMODIFIERS': '@im=ibus', 'XDG_SESSION_DESKTOP': 'ubuntu', 'XAUTHORITY': '/run/user/1000/.mutter-Xwaylandauth.3CY5T3', 'LS_COLORS': 'rs=0:di=01;34:ln=01;36:mh=00:pi=40;33:so=01;35:do=01;35:bd=40;33;01:cd=40;33;01:or=40;31;01:mi=00:su=37;41:sg=30;43:ca=00:tw=30;42:ow=34;42:st=37;44:ex=01;32:*.tar=01;31:*.tgz=01;31:*.arc=01;31:*.arj=01;31:*.taz=01;31:*.lha=01;31:*.lz4=01;31:*.lzh=01;31:*.lzma=01;31:*.tlz=01;31:*.txz=01;31:*.tzo=01;31:*.t7z=01;31:*.zip=01;31:*.z=01;31:*.dz=01;31:*.gz=01;31:*.lrz=01;31:*.lz=01;31:*.lzo=01;31:*.xz=01;31:*.zst=01;31:*.tzst=01;31:*.bz2=01;31:*.bz=01;31:*.tbz=01;31:*.tbz2=01;31:*.tz=01;31:*.deb=01;31:*.rpm=01;31:*.jar=01;31:*.war=01;31:*.ear=01;31:*.sar=01;31:*.rar=01;31:*.alz=01;31:*.ace=01;31:*.zoo=01;31:*.cpio=01;31:*.7z=01;31:*.rz=01;31:*.cab=01;31:*.wim=01;31:*.swm=01;31:*.dwm=01;31:*.esd=01;31:*.avif=01;35:*.jpg=01;35:*.jpeg=01;35:*.mjpg=01;35:*.mjpeg=01;35:*.gif=01;35:*.bmp=01;35:*.pbm=01;35:*.pgm=01;35:*.ppm=01;35:*.tga=01;35:*.xbm=01;35:*.xpm=01;35:*.tif=01;35:*.tiff=01;35:*.png=01;35:*.svg=01;35:*.svgz=01;35:*.mng=01;35:*.pcx=01;35:*.mov=01;35:*.mpg=01;35:*.mpeg=01;35:*.m2v=01;35:*.mkv=01;35:*.webm=01;35:*.webp=01;35:*.ogm=01;35:*.mp4=01;35:*.m4v=01;35:*.mp4v=01;35:*.vob=01;35:*.qt=01;35:*.nuv=01;35:*.wmv=01;35:*.asf=01;35:*.rm=01;35:*.rmvb=01;35:*.flc=01;35:*.avi=01;35:*.fli=01;35:*.flv=01;35:*.gl=01;35:*.dl=01;35:*.xcf=01;35:*.xwd=01;35:*.yuv=01;35:*.cgm=01;35:*.emf=01;35:*.ogv=01;35:*.ogx=01;35:*.aac=00;36:*.au=00;36:*.flac=00;36:*.m4a=00;36:*.mid=00;36:*.midi=00;36:*.mka=00;36:*.mp3=00;36:*.mpc=00;36:*.ogg=00;36:*.ra=00;36:*.wav=00;36:*.oga=00;36:*.opus=00;36:*.spx=00;36:*.xspf=00;36:*~=00;90:*#=00;90:*.bak=00;90:*.crdownload=00;90:*.dpkg-dist=00;90:*.dpkg-new=00;90:*.dpkg-old=00;90:*.dpkg-tmp=00;90:*.old=00;90:*.orig=00;90:*.part=00;90:*.rej=00;90:*.rpmnew=00;90:*.rpmorig=00;90:*.rpmsave=00;90:*.swp=00;90:*.tmp=00;90:*.ucf-dist=00;90:*.ucf-new=00;90:*.ucf-old=00;90:', 'SSH_AUTH_SOCK': '/run/user/1000/keyring/ssh', 'ROS_DOMAIN_ID': '99', 'AMENT_PREFIX_PATH': '/opt/ros/jazzy', 'SHELL': '/bin/bash', 'LC_NAME': 'C.UTF-8', 'TERMINATOR_UUID': 'urn:uuid:481c1a33-b5b4-4fc9-a80a-88de6ce12b8d', 'QT_ACCESSIBILITY': '1', 'GDMSESSION': 'ubuntu', 'LESSCLOSE': '/usr/bin/lesspipe %s %s', 'LC_MEASUREMENT': 'C.UTF-8', 'LC_IDENTIFICATION': 'C.UTF-8', 'ROS_AUTOMATIC_DISCOVERY_RANGE': 'SUBNET', 'QT_IM_MODULE': 'ibus', 'PWD': '/home/fivejaewin/NILARM/build/interfaces_pkg', 'XDG_CONFIG_DIRS': '/etc/xdg/xdg-ubuntu:/etc/xdg', 'XDG_DATA_DIRS': '/usr/share/ubuntu:/usr/share/gnome:/usr/local/share/:/usr/share/:/var/lib/snapd/desktop', 'PYTHONPATH': '/opt/ros/jazzy/lib/python3.12/site-packages', 'LC_NUMERIC': 'C.UTF-8', 'LC_PAPER': 'C.UTF-8', 'COLCON': '1', 'MEMORY_PRESSURE_WRITE': 'c29tZSAyMDAwMDAgMjAwMDAwMAA=', 'VTE_VERSION': '7600', 'CMAKE_PREFIX_PATH': '/opt/ros/jazzy/opt/gz_math_vendor:/opt/ros/jazzy/opt/gz_utils_vendor:/opt/ros/jazzy/opt/gz_cmake_vendor:/opt/ros/jazzy'}), 'shell': False}
[12.763911] (interfaces_pkg) StdoutLine: {'line': b'-- Install configuration: ""\n'}
[12.764436] (interfaces_pkg) StdoutLine: {'line': b'-- Installing: /home/fivejaewin/NILARM/install/interfaces_pkg/share/ament_index/resource_index/rosidl_interfaces/interfaces_pkg\n'}
[12.764742] (interfaces_pkg) StdoutLine: {'line': b'-- Installing: /home/fivejaewin/NILARM/install/interfaces_pkg/share/interfaces_pkg/msg/FruitDetection.json\n'}
[12.764969] (interfaces_pkg) StdoutLine: {'line': b'-- Installing: /home/fivejaewin/NILARM/install/interfaces_pkg/share/interfaces_pkg/msg/BasketStatus.json\n'}
[12.765244] (interfaces_pkg) StdoutLine: {'line': b'-- Installing: /home/fivejaewin/NILARM/install/interfaces_pkg/share/interfaces_pkg/msg/MissionState.json\n'}
[12.765512] (interfaces_pkg) StdoutLine: {'line': b'-- Installing: /home/fivejaewin/NILARM/install/interfaces_pkg/share/interfaces_pkg/action/Harvest.json\n'}
[12.765774] (interfaces_pkg) StdoutLine: {'line': b'-- Installing: /home/fivejaewin/NILARM/install/interfaces_pkg/share/interfaces_pkg/action/DumpBasket.json\n'}
[12.766026] (interfaces_pkg) StdoutLine: {'line': b'-- Installing: /home/fivejaewin/NILARM/install/interfaces_pkg/include/interfaces_pkg/interfaces_pkg\n'}
[12.766259] (interfaces_pkg) StdoutLine: {'line': b'-- Installing: /home/fivejaewin/NILARM/install/interfaces_pkg/include/interfaces_pkg/interfaces_pkg/msg\n'}
[12.766563] (interfaces_pkg) StdoutLine: {'line': b'-- Installing: /home/fivejaewin/NILARM/install/interfaces_pkg/include/interfaces_pkg/interfaces_pkg/msg/detail\n'}
[12.766816] (interfaces_pkg) StdoutLine: {'line': b'-- Installing: /home/fivejaewin/NILARM/install/interfaces_pkg/include/interfaces_pkg/interfaces_pkg/msg/detail/basket_status__functions.c\n'}
[12.767092] (interfaces_pkg) StdoutLine: {'line': b'-- Installing: /home/fivejaewin/NILARM/install/interfaces_pkg/include/interfaces_pkg/interfaces_pkg/msg/detail/mission_state__description.c\n'}
[12.767353] (interfaces_pkg) StdoutLine: {'line': b'-- Installing: /home/fivejaewin/NILARM/install/interfaces_pkg/include/interfaces_pkg/interfaces_pkg/msg/detail/mission_state__struct.h\n'}
[12.767585] (interfaces_pkg) StdoutLine: {'line': b'-- Installing: /home/fivejaewin/NILARM/install/interfaces_pkg/include/interfaces_pkg/interfaces_pkg/msg/detail/mission_state__type_support.h\n'}
[12.767822] (interfaces_pkg) StdoutLine: {'line': b'-- Installing: /home/fivejaewin/NILARM/install/interfaces_pkg/include/interfaces_pkg/interfaces_pkg/msg/detail/fruit_detection__struct.h\n'}
[12.768066] (interfaces_pkg) StdoutLine: {'line': b'-- Installing: /home/fivejaewin/NILARM/install/interfaces_pkg/include/interfaces_pkg/interfaces_pkg/msg/detail/basket_status__type_support.c\n'}
[12.768297] (interfaces_pkg) StdoutLine: {'line': b'-- Installing: /home/fivejaewin/NILARM/install/interfaces_pkg/include/interfaces_pkg/interfaces_pkg/msg/detail/basket_status__description.c\n'}
[12.768517] (interfaces_pkg) StdoutLine: {'line': b'-- Installing: /home/fivejaewin/NILARM/install/interfaces_pkg/include/interfaces_pkg/interfaces_pkg/msg/detail/mission_state__type_support.c\n'}
[12.768737] (interfaces_pkg) StdoutLine: {'line': b'-- Installing: /home/fivejaewin/NILARM/install/interfaces_pkg/include/interfaces_pkg/interfaces_pkg/msg/detail/basket_status__functions.h\n'}
[12.769160] (interfaces_pkg) StdoutLine: {'line': b'-- Installing: /home/fivejaewin/NILARM/install/interfaces_pkg/include/interfaces_pkg/interfaces_pkg/msg/detail/basket_status__struct.h\n'}
[12.769508] (interfaces_pkg) StdoutLine: {'line': b'-- Installing: /home/fivejaewin/NILARM/install/interfaces_pkg/include/interfaces_pkg/interfaces_pkg/msg/detail/mission_state__functions.c\n'}
[12.769655] (interfaces_pkg) StdoutLine: {'line': b'-- Installing: /home/fivejaewin/NILARM/install/interfaces_pkg/include/interfaces_pkg/interfaces_pkg/msg/detail/mission_state__functions.h\n'}
[12.769763] (interfaces_pkg) StdoutLine: {'line': b'-- Installing: /home/fivejaewin/NILARM/install/interfaces_pkg/include/interfaces_pkg/interfaces_pkg/msg/detail/fruit_detection__description.c\n'}
[12.769892] (interfaces_pkg) StdoutLine: {'line': b'-- Installing: /home/fivejaewin/NILARM/install/interfaces_pkg/include/interfaces_pkg/interfaces_pkg/msg/detail/basket_status__type_support.h\n'}
[12.769999] (interfaces_pkg) StdoutLine: {'line': b'-- Installing: /home/fivejaewin/NILARM/install/interfaces_pkg/include/interfaces_pkg/interfaces_pkg/msg/detail/fruit_detection__functions.h\n'}
[12.770102] (interfaces_pkg) StdoutLine: {'line': b'-- Installing: /home/fivejaewin/NILARM/install/interfaces_pkg/include/interfaces_pkg/interfaces_pkg/msg/detail/fruit_detection__type_support.c\n'}
[12.770208] (interfaces_pkg) StdoutLine: {'line': b'-- Installing: /home/fivejaewin/NILARM/install/interfaces_pkg/include/interfaces_pkg/interfaces_pkg/msg/detail/fruit_detection__functions.c\n'}
[12.770313] (interfaces_pkg) StdoutLine: {'line': b'-- Installing: /home/fivejaewin/NILARM/install/interfaces_pkg/include/interfaces_pkg/interfaces_pkg/msg/detail/fruit_detection__type_support.h\n'}
[12.770416] (interfaces_pkg) StdoutLine: {'line': b'-- Installing: /home/fivejaewin/NILARM/install/interfaces_pkg/include/interfaces_pkg/interfaces_pkg/msg/fruit_detection.h\n'}
[12.770520] (interfaces_pkg) StdoutLine: {'line': b'-- Installing: /home/fivejaewin/NILARM/install/interfaces_pkg/include/interfaces_pkg/interfaces_pkg/msg/mission_state.h\n'}
[12.770721] (interfaces_pkg) StdoutLine: {'line': b'-- Installing: /home/fivejaewin/NILARM/install/interfaces_pkg/include/interfaces_pkg/interfaces_pkg/msg/basket_status.h\n'}
[12.770881] (interfaces_pkg) StdoutLine: {'line': b'-- Installing: /home/fivejaewin/NILARM/install/interfaces_pkg/include/interfaces_pkg/interfaces_pkg/msg/rosidl_generator_c__visibility_control.h\n'}
[12.770978] (interfaces_pkg) StdoutLine: {'line': b'-- Installing: /home/fivejaewin/NILARM/install/interfaces_pkg/include/interfaces_pkg/interfaces_pkg/action\n'}
[12.771096] (interfaces_pkg) StdoutLine: {'line': b'-- Installing: /home/fivejaewin/NILARM/install/interfaces_pkg/include/interfaces_pkg/interfaces_pkg/action/harvest.h\n'}
[12.771186] (interfaces_pkg) StdoutLine: {'line': b'-- Installing: /home/fivejaewin/NILARM/install/interfaces_pkg/include/interfaces_pkg/interfaces_pkg/action/detail\n'}
[12.771275] (interfaces_pkg) StdoutLine: {'line': b'-- Installing: /home/fivejaewin/NILARM/install/interfaces_pkg/include/interfaces_pkg/interfaces_pkg/action/detail/harvest__struct.h\n'}
[12.771369] (interfaces_pkg) StdoutLine: {'line': b'-- Installing: /home/fivejaewin/NILARM/install/interfaces_pkg/include/interfaces_pkg/interfaces_pkg/action/detail/dump_basket__functions.c\n'}
[12.771459] (interfaces_pkg) StdoutLine: {'line': b'-- Installing: /home/fivejaewin/NILARM/install/interfaces_pkg/include/interfaces_pkg/interfaces_pkg/action/detail/harvest__functions.c\n'}
[12.771551] (interfaces_pkg) StdoutLine: {'line': b'-- Installing: /home/fivejaewin/NILARM/install/interfaces_pkg/include/interfaces_pkg/interfaces_pkg/action/detail/harvest__type_support.h\n'}
[12.771654] (interfaces_pkg) StdoutLine: {'line': b'-- Installing: /home/fivejaewin/NILARM/install/interfaces_pkg/include/interfaces_pkg/interfaces_pkg/action/detail/dump_basket__type_support.c\n'}
[12.771752] (interfaces_pkg) StdoutLine: {'line': b'-- Installing: /home/fivejaewin/NILARM/install/interfaces_pkg/include/interfaces_pkg/interfaces_pkg/action/detail/dump_basket__struct.h\n'}
[12.771863] (interfaces_pkg) StdoutLine: {'line': b'-- Installing: /home/fivejaewin/NILARM/install/interfaces_pkg/include/interfaces_pkg/interfaces_pkg/action/detail/dump_basket__type_support.h\n'}
[12.771969] (interfaces_pkg) StdoutLine: {'line': b'-- Installing: /home/fivejaewin/NILARM/install/interfaces_pkg/include/interfaces_pkg/interfaces_pkg/action/detail/dump_basket__description.c\n'}
[12.772069] (interfaces_pkg) StdoutLine: {'line': b'-- Installing: /home/fivejaewin/NILARM/install/interfaces_pkg/include/interfaces_pkg/interfaces_pkg/action/detail/harvest__functions.h\n'}
[12.772196] (interfaces_pkg) StdoutLine: {'line': b'-- Installing: /home/fivejaewin/NILARM/install/interfaces_pkg/include/interfaces_pkg/interfaces_pkg/action/detail/dump_basket__functions.h\n'}
[12.772371] (interfaces_pkg) StdoutLine: {'line': b'-- Installing: /home/fivejaewin/NILARM/install/interfaces_pkg/include/interfaces_pkg/interfaces_pkg/action/detail/harvest__description.c\n'}
[12.772473] (interfaces_pkg) StdoutLine: {'line': b'-- Installing: /home/fivejaewin/NILARM/install/interfaces_pkg/include/interfaces_pkg/interfaces_pkg/action/detail/harvest__type_support.c\n'}
[12.772573] (interfaces_pkg) StdoutLine: {'line': b'-- Installing: /home/fivejaewin/NILARM/install/interfaces_pkg/include/interfaces_pkg/interfaces_pkg/action/dump_basket.h\n'}
[12.772722] (interfaces_pkg) StdoutLine: {'line': b'-- Installing: /home/fivejaewin/NILARM/install/interfaces_pkg/share/interfaces_pkg/environment/library_path.sh\n'}
[12.772818] (interfaces_pkg) StdoutLine: {'line': b'-- Installing: /home/fivejaewin/NILARM/install/interfaces_pkg/share/interfaces_pkg/environment/library_path.dsv\n'}
[12.772943] (interfaces_pkg) StdoutLine: {'line': b'-- Installing: /home/fivejaewin/NILARM/install/interfaces_pkg/lib/libinterfaces_pkg__rosidl_generator_c.so\n'}
[12.773043] (interfaces_pkg) StdoutLine: {'line': b'-- Set non-toolchain portion of runtime path of "/home/fivejaewin/NILARM/install/interfaces_pkg/lib/libinterfaces_pkg__rosidl_generator_c.so" to ""\n'}
[12.773179] (interfaces_pkg) StdoutLine: {'line': b'-- Up-to-date: /home/fivejaewin/NILARM/install/interfaces_pkg/include/interfaces_pkg/interfaces_pkg\n'}
[12.773278] (interfaces_pkg) StdoutLine: {'line': b'-- Up-to-date: /home/fivejaewin/NILARM/install/interfaces_pkg/include/interfaces_pkg/interfaces_pkg/msg\n'}
[12.773378] (interfaces_pkg) StdoutLine: {'line': b'-- Up-to-date: /home/fivejaewin/NILARM/install/interfaces_pkg/include/interfaces_pkg/interfaces_pkg/msg/detail\n'}
[12.773476] (interfaces_pkg) StdoutLine: {'line': b'-- Installing: /home/fivejaewin/NILARM/install/interfaces_pkg/include/interfaces_pkg/interfaces_pkg/msg/detail/basket_status__rosidl_typesupport_fastrtps_c.h\n'}
[12.773577] (interfaces_pkg) StdoutLine: {'line': b'-- Installing: /home/fivejaewin/NILARM/install/interfaces_pkg/include/interfaces_pkg/interfaces_pkg/msg/detail/fruit_detection__rosidl_typesupport_fastrtps_c.h\n'}
[12.773681] (interfaces_pkg) StdoutLine: {'line': b'-- Installing: /home/fivejaewin/NILARM/install/interfaces_pkg/include/interfaces_pkg/interfaces_pkg/msg/detail/mission_state__rosidl_typesupport_fastrtps_c.h\n'}
[12.773822] (interfaces_pkg) StdoutLine: {'line': b'-- Installing: /home/fivejaewin/NILARM/install/interfaces_pkg/include/interfaces_pkg/interfaces_pkg/msg/rosidl_typesupport_fastrtps_c__visibility_control.h\n'}
[12.773936] (interfaces_pkg) StdoutLine: {'line': b'-- Up-to-date: /home/fivejaewin/NILARM/install/interfaces_pkg/include/interfaces_pkg/interfaces_pkg/action\n'}
[12.774032] (interfaces_pkg) StdoutLine: {'line': b'-- Up-to-date: /home/fivejaewin/NILARM/install/interfaces_pkg/include/interfaces_pkg/interfaces_pkg/action/detail\n'}
[12.774154] (interfaces_pkg) StdoutLine: {'line': b'-- Installing: /home/fivejaewin/NILARM/install/interfaces_pkg/include/interfaces_pkg/interfaces_pkg/action/detail/dump_basket__rosidl_typesupport_fastrtps_c.h\n'}
[12.774251] (interfaces_pkg) StdoutLine: {'line': b'-- Installing: /home/fivejaewin/NILARM/install/interfaces_pkg/include/interfaces_pkg/interfaces_pkg/action/detail/harvest__rosidl_typesupport_fastrtps_c.h\n'}
[12.774413] (interfaces_pkg) StdoutLine: {'line': b'-- Installing: /home/fivejaewin/NILARM/install/interfaces_pkg/lib/libinterfaces_pkg__rosidl_typesupport_fastrtps_c.so\n'}
[12.774513] (interfaces_pkg) StdoutLine: {'line': b'-- Set non-toolchain portion of runtime path of "/home/fivejaewin/NILARM/install/interfaces_pkg/lib/libinterfaces_pkg__rosidl_typesupport_fastrtps_c.so" to ""\n'}
[12.774660] (interfaces_pkg) StdoutLine: {'line': b'-- Up-to-date: /home/fivejaewin/NILARM/install/interfaces_pkg/include/interfaces_pkg/interfaces_pkg\n'}
[12.774764] (interfaces_pkg) StdoutLine: {'line': b'-- Up-to-date: /home/fivejaewin/NILARM/install/interfaces_pkg/include/interfaces_pkg/interfaces_pkg/msg\n'}
[12.774918] (interfaces_pkg) StdoutLine: {'line': b'-- Up-to-date: /home/fivejaewin/NILARM/install/interfaces_pkg/include/interfaces_pkg/interfaces_pkg/msg/detail\n'}
[12.775020] (interfaces_pkg) StdoutLine: {'line': b'-- Installing: /home/fivejaewin/NILARM/install/interfaces_pkg/include/interfaces_pkg/interfaces_pkg/msg/detail/basket_status__type_support.c\n'}
[12.775123] (interfaces_pkg) StdoutLine: {'line': b'-- Installing: /home/fivejaewin/NILARM/install/interfaces_pkg/include/interfaces_pkg/interfaces_pkg/msg/detail/mission_state__type_support.c\n'}
[12.775224] (interfaces_pkg) StdoutLine: {'line': b'-- Installing: /home/fivejaewin/NILARM/install/interfaces_pkg/include/interfaces_pkg/interfaces_pkg/msg/detail/basket_status__rosidl_typesupport_introspection_c.h\n'}
[12.775382] (interfaces_pkg) StdoutLine: {'line': b'-- Installing: /home/fivejaewin/NILARM/install/interfaces_pkg/include/interfaces_pkg/interfaces_pkg/msg/detail/fruit_detection__type_support.c\n'}
[12.775485] (interfaces_pkg) StdoutLine: {'line': b'-- Installing: /home/fivejaewin/NILARM/install/interfaces_pkg/include/interfaces_pkg/interfaces_pkg/msg/detail/fruit_detection__rosidl_typesupport_introspection_c.h\n'}
[12.775647] (interfaces_pkg) StdoutLine: {'line': b'-- Installing: /home/fivejaewin/NILARM/install/interfaces_pkg/include/interfaces_pkg/interfaces_pkg/msg/detail/mission_state__rosidl_typesupport_introspection_c.h\n'}
[12.775746] (interfaces_pkg) StdoutLine: {'line': b'-- Installing: /home/fivejaewin/NILARM/install/interfaces_pkg/include/interfaces_pkg/interfaces_pkg/msg/rosidl_typesupport_introspection_c__visibility_control.h\n'}
[12.775901] (interfaces_pkg) StdoutLine: {'line': b'-- Up-to-date: /home/fivejaewin/NILARM/install/interfaces_pkg/include/interfaces_pkg/interfaces_pkg/action\n'}
[12.776030] (interfaces_pkg) StdoutLine: {'line': b'-- Up-to-date: /home/fivejaewin/NILARM/install/interfaces_pkg/include/interfaces_pkg/interfaces_pkg/action/detail\n'}
[12.776131] (interfaces_pkg) StdoutLine: {'line': b'-- Installing: /home/fivejaewin/NILARM/install/interfaces_pkg/include/interfaces_pkg/interfaces_pkg/action/detail/harvest__rosidl_typesupport_introspection_c.h\n'}
[12.776279] (interfaces_pkg) StdoutLine: {'line': b'-- Installing: /home/fivejaewin/NILARM/install/interfaces_pkg/include/interfaces_pkg/interfaces_pkg/action/detail/dump_basket__type_support.c\n'}
[12.776382] (interfaces_pkg) StdoutLine: {'line': b'-- Installing: /home/fivejaewin/NILARM/install/interfaces_pkg/include/interfaces_pkg/interfaces_pkg/action/detail/dump_basket__rosidl_typesupport_introspection_c.h\n'}
[12.776517] (interfaces_pkg) StdoutLine: {'line': b'-- Installing: /home/fivejaewin/NILARM/install/interfaces_pkg/include/interfaces_pkg/interfaces_pkg/action/detail/harvest__type_support.c\n'}
[12.776639] (interfaces_pkg) StdoutLine: {'line': b'-- Installing: /home/fivejaewin/NILARM/install/interfaces_pkg/lib/libinterfaces_pkg__rosidl_typesupport_introspection_c.so\n'}
[12.776771] (interfaces_pkg) StdoutLine: {'line': b'-- Set non-toolchain portion of runtime path of "/home/fivejaewin/NILARM/install/interfaces_pkg/lib/libinterfaces_pkg__rosidl_typesupport_introspection_c.so" to ""\n'}
[12.776912] (interfaces_pkg) StdoutLine: {'line': b'-- Installing: /home/fivejaewin/NILARM/install/interfaces_pkg/lib/libinterfaces_pkg__rosidl_typesupport_c.so\n'}
[12.777009] (interfaces_pkg) StdoutLine: {'line': b'-- Set non-toolchain portion of runtime path of "/home/fivejaewin/NILARM/install/interfaces_pkg/lib/libinterfaces_pkg__rosidl_typesupport_c.so" to ""\n'}
[12.777106] (interfaces_pkg) StdoutLine: {'line': b'-- Up-to-date: /home/fivejaewin/NILARM/install/interfaces_pkg/include/interfaces_pkg/interfaces_pkg\n'}
[12.777206] (interfaces_pkg) StdoutLine: {'line': b'-- Up-to-date: /home/fivejaewin/NILARM/install/interfaces_pkg/include/interfaces_pkg/interfaces_pkg/msg\n'}
[12.777306] (interfaces_pkg) StdoutLine: {'line': b'-- Up-to-date: /home/fivejaewin/NILARM/install/interfaces_pkg/include/interfaces_pkg/interfaces_pkg/msg/detail\n'}
[12.777471] (interfaces_pkg) StdoutLine: {'line': b'-- Installing: /home/fivejaewin/NILARM/install/interfaces_pkg/include/interfaces_pkg/interfaces_pkg/msg/detail/basket_status__builder.hpp\n'}
[12.777592] (interfaces_pkg) StdoutLine: {'line': b'-- Installing: /home/fivejaewin/NILARM/install/interfaces_pkg/include/interfaces_pkg/interfaces_pkg/msg/detail/fruit_detection__type_support.hpp\n'}
[12.777695] (interfaces_pkg) StdoutLine: {'line': b'-- Installing: /home/fivejaewin/NILARM/install/interfaces_pkg/include/interfaces_pkg/interfaces_pkg/msg/detail/fruit_detection__traits.hpp\n'}
[12.777844] (interfaces_pkg) StdoutLine: {'line': b'-- Installing: /home/fivejaewin/NILARM/install/interfaces_pkg/include/interfaces_pkg/interfaces_pkg/msg/detail/mission_state__type_support.hpp\n'}
[12.777958] (interfaces_pkg) StdoutLine: {'line': b'-- Installing: /home/fivejaewin/NILARM/install/interfaces_pkg/include/interfaces_pkg/interfaces_pkg/msg/detail/mission_state__builder.hpp\n'}
[12.778055] (interfaces_pkg) StdoutLine: {'line': b'-- Installing: /home/fivejaewin/NILARM/install/interfaces_pkg/include/interfaces_pkg/interfaces_pkg/msg/detail/mission_state__struct.hpp\n'}
[12.778189] (interfaces_pkg) StdoutLine: {'line': b'-- Installing: /home/fivejaewin/NILARM/install/interfaces_pkg/include/interfaces_pkg/interfaces_pkg/msg/detail/fruit_detection__builder.hpp\n'}
[12.778283] (interfaces_pkg) StdoutLine: {'line': b'-- Installing: /home/fivejaewin/NILARM/install/interfaces_pkg/include/interfaces_pkg/interfaces_pkg/msg/detail/fruit_detection__struct.hpp\n'}
[12.778372] (interfaces_pkg) StdoutLine: {'line': b'-- Installing: /home/fivejaewin/NILARM/install/interfaces_pkg/include/interfaces_pkg/interfaces_pkg/msg/detail/basket_status__struct.hpp\n'}
[12.778460] (interfaces_pkg) StdoutLine: {'line': b'-- Installing: /home/fivejaewin/NILARM/install/interfaces_pkg/include/interfaces_pkg/interfaces_pkg/msg/detail/basket_status__traits.hpp\n'}
[12.778554] (interfaces_pkg) StdoutLine: {'line': b'-- Installing: /home/fivejaewin/NILARM/install/interfaces_pkg/include/interfaces_pkg/interfaces_pkg/msg/detail/basket_status__type_support.hpp\n'}
[12.778650] (interfaces_pkg) StdoutLine: {'line': b'-- Installing: /home/fivejaewin/NILARM/install/interfaces_pkg/include/interfaces_pkg/interfaces_pkg/msg/detail/mission_state__traits.hpp\n'}
[12.778744] (interfaces_pkg) StdoutLine: {'line': b'-- Installing: /home/fivejaewin/NILARM/install/interfaces_pkg/include/interfaces_pkg/interfaces_pkg/msg/rosidl_generator_cpp__visibility_control.hpp\n'}
[12.778839] (interfaces_pkg) StdoutLine: {'line': b'-- Installing: /home/fivejaewin/NILARM/install/interfaces_pkg/include/interfaces_pkg/interfaces_pkg/msg/mission_state.hpp\n'}
[12.778949] (interfaces_pkg) StdoutLine: {'line': b'-- Installing: /home/fivejaewin/NILARM/install/interfaces_pkg/include/interfaces_pkg/interfaces_pkg/msg/fruit_detection.hpp\n'}
[12.779051] (interfaces_pkg) StdoutLine: {'line': b'-- Installing: /home/fivejaewin/NILARM/install/interfaces_pkg/include/interfaces_pkg/interfaces_pkg/msg/basket_status.hpp\n'}
[12.779159] (interfaces_pkg) StdoutLine: {'line': b'-- Up-to-date: /home/fivejaewin/NILARM/install/interfaces_pkg/include/interfaces_pkg/interfaces_pkg/action\n'}
[12.779335] (interfaces_pkg) StdoutLine: {'line': b'-- Up-to-date: /home/fivejaewin/NILARM/install/interfaces_pkg/include/interfaces_pkg/interfaces_pkg/action/detail\n'}
[12.779441] (interfaces_pkg) StdoutLine: {'line': b'-- Installing: /home/fivejaewin/NILARM/install/interfaces_pkg/include/interfaces_pkg/interfaces_pkg/action/detail/dump_basket__traits.hpp\n'}
[12.779596] (interfaces_pkg) StdoutLine: {'line': b'-- Installing: /home/fivejaewin/NILARM/install/interfaces_pkg/include/interfaces_pkg/interfaces_pkg/action/detail/dump_basket__builder.hpp\n'}
[12.779704] (interfaces_pkg) StdoutLine: {'line': b'-- Installing: /home/fivejaewin/NILARM/install/interfaces_pkg/include/interfaces_pkg/interfaces_pkg/action/detail/harvest__traits.hpp\n'}
[12.779813] (interfaces_pkg) StdoutLine: {'line': b'-- Installing: /home/fivejaewin/NILARM/install/interfaces_pkg/include/interfaces_pkg/interfaces_pkg/action/detail/harvest__type_support.hpp\n'}
[12.779990] (interfaces_pkg) StdoutLine: {'line': b'-- Installing: /home/fivejaewin/NILARM/install/interfaces_pkg/include/interfaces_pkg/interfaces_pkg/action/detail/dump_basket__struct.hpp\n'}
[12.780100] (interfaces_pkg) StdoutLine: {'line': b'-- Installing: /home/fivejaewin/NILARM/install/interfaces_pkg/include/interfaces_pkg/interfaces_pkg/action/detail/harvest__struct.hpp\n'}
[12.780246] (interfaces_pkg) StdoutLine: {'line': b'-- Installing: /home/fivejaewin/NILARM/install/interfaces_pkg/include/interfaces_pkg/interfaces_pkg/action/detail/dump_basket__type_support.hpp\n'}
[12.780366] (interfaces_pkg) StdoutLine: {'line': b'-- Installing: /home/fivejaewin/NILARM/install/interfaces_pkg/include/interfaces_pkg/interfaces_pkg/action/detail/harvest__builder.hpp\n'}
[12.780463] (interfaces_pkg) StdoutLine: {'line': b'-- Installing: /home/fivejaewin/NILARM/install/interfaces_pkg/include/interfaces_pkg/interfaces_pkg/action/dump_basket.hpp\n'}
[12.780555] (interfaces_pkg) StdoutLine: {'line': b'-- Installing: /home/fivejaewin/NILARM/install/interfaces_pkg/include/interfaces_pkg/interfaces_pkg/action/harvest.hpp\n'}
[12.780681] (interfaces_pkg) StdoutLine: {'line': b'-- Up-to-date: /home/fivejaewin/NILARM/install/interfaces_pkg/include/interfaces_pkg/interfaces_pkg\n'}
[12.780774] (interfaces_pkg) StdoutLine: {'line': b'-- Up-to-date: /home/fivejaewin/NILARM/install/interfaces_pkg/include/interfaces_pkg/interfaces_pkg/msg\n'}
[12.780877] (interfaces_pkg) StdoutLine: {'line': b'-- Up-to-date: /home/fivejaewin/NILARM/install/interfaces_pkg/include/interfaces_pkg/interfaces_pkg/msg/detail\n'}
[12.780971] (interfaces_pkg) StdoutLine: {'line': b'-- Installing: /home/fivejaewin/NILARM/install/interfaces_pkg/include/interfaces_pkg/interfaces_pkg/msg/detail/fruit_detection__rosidl_typesupport_fastrtps_cpp.hpp\n'}
[12.781062] (interfaces_pkg) StdoutLine: {'line': b'-- Installing: /home/fivejaewin/NILARM/install/interfaces_pkg/include/interfaces_pkg/interfaces_pkg/msg/detail/dds_fastrtps\n'}
[12.781156] (interfaces_pkg) StdoutLine: {'line': b'-- Installing: /home/fivejaewin/NILARM/install/interfaces_pkg/include/interfaces_pkg/interfaces_pkg/msg/detail/mission_state__rosidl_typesupport_fastrtps_cpp.hpp\n'}
[12.781247] (interfaces_pkg) StdoutLine: {'line': b'-- Installing: /home/fivejaewin/NILARM/install/interfaces_pkg/include/interfaces_pkg/interfaces_pkg/msg/detail/basket_status__rosidl_typesupport_fastrtps_cpp.hpp\n'}
[12.781339] (interfaces_pkg) StdoutLine: {'line': b'-- Installing: /home/fivejaewin/NILARM/install/interfaces_pkg/include/interfaces_pkg/interfaces_pkg/msg/rosidl_typesupport_fastrtps_cpp__visibility_control.h\n'}
[12.781432] (interfaces_pkg) StdoutLine: {'line': b'-- Up-to-date: /home/fivejaewin/NILARM/install/interfaces_pkg/include/interfaces_pkg/interfaces_pkg/action\n'}
[12.781531] (interfaces_pkg) StdoutLine: {'line': b'-- Up-to-date: /home/fivejaewin/NILARM/install/interfaces_pkg/include/interfaces_pkg/interfaces_pkg/action/detail\n'}
[12.781623] (interfaces_pkg) StdoutLine: {'line': b'-- Installing: /home/fivejaewin/NILARM/install/interfaces_pkg/include/interfaces_pkg/interfaces_pkg/action/detail/dump_basket__rosidl_typesupport_fastrtps_cpp.hpp\n'}
[12.781720] (interfaces_pkg) StdoutLine: {'line': b'-- Installing: /home/fivejaewin/NILARM/install/interfaces_pkg/include/interfaces_pkg/interfaces_pkg/action/detail/harvest__rosidl_typesupport_fastrtps_cpp.hpp\n'}
[12.781884] (interfaces_pkg) StdoutLine: {'line': b'-- Installing: /home/fivejaewin/NILARM/install/interfaces_pkg/include/interfaces_pkg/interfaces_pkg/action/detail/dds_fastrtps\n'}
[12.781988] (interfaces_pkg) StdoutLine: {'line': b'-- Installing: /home/fivejaewin/NILARM/install/interfaces_pkg/lib/libinterfaces_pkg__rosidl_typesupport_fastrtps_cpp.so\n'}
[12.782087] (interfaces_pkg) StdoutLine: {'line': b'-- Set non-toolchain portion of runtime path of "/home/fivejaewin/NILARM/install/interfaces_pkg/lib/libinterfaces_pkg__rosidl_typesupport_fastrtps_cpp.so" to ""\n'}
[12.782188] (interfaces_pkg) StdoutLine: {'line': b'-- Up-to-date: /home/fivejaewin/NILARM/install/interfaces_pkg/include/interfaces_pkg/interfaces_pkg\n'}
[12.782358] (interfaces_pkg) StdoutLine: {'line': b'-- Up-to-date: /home/fivejaewin/NILARM/install/interfaces_pkg/include/interfaces_pkg/interfaces_pkg/msg\n'}
[12.782479] (interfaces_pkg) StdoutLine: {'line': b'-- Up-to-date: /home/fivejaewin/NILARM/install/interfaces_pkg/include/interfaces_pkg/interfaces_pkg/msg/detail\n'}
[12.782579] (interfaces_pkg) StdoutLine: {'line': b'-- Installing: /home/fivejaewin/NILARM/install/interfaces_pkg/include/interfaces_pkg/interfaces_pkg/msg/detail/fruit_detection__type_support.cpp\n'}
[12.782674] (interfaces_pkg) StdoutLine: {'line': b'-- Installing: /home/fivejaewin/NILARM/install/interfaces_pkg/include/interfaces_pkg/interfaces_pkg/msg/detail/basket_status__type_support.cpp\n'}
[12.782767] (interfaces_pkg) StdoutLine: {'line': b'-- Installing: /home/fivejaewin/NILARM/install/interfaces_pkg/include/interfaces_pkg/interfaces_pkg/msg/detail/mission_state__type_support.cpp\n'}
[12.782915] (interfaces_pkg) StdoutLine: {'line': b'-- Installing: /home/fivejaewin/NILARM/install/interfaces_pkg/include/interfaces_pkg/interfaces_pkg/msg/detail/fruit_detection__rosidl_typesupport_introspection_cpp.hpp\n'}
[12.783053] (interfaces_pkg) StdoutLine: {'line': b'-- Installing: /home/fivejaewin/NILARM/install/interfaces_pkg/include/interfaces_pkg/interfaces_pkg/msg/detail/basket_status__rosidl_typesupport_introspection_cpp.hpp\n'}
[12.783151] (interfaces_pkg) StdoutLine: {'line': b'-- Installing: /home/fivejaewin/NILARM/install/interfaces_pkg/include/interfaces_pkg/interfaces_pkg/msg/detail/mission_state__rosidl_typesupport_introspection_cpp.hpp\n'}
[12.783298] (interfaces_pkg) StdoutLine: {'line': b'-- Up-to-date: /home/fivejaewin/NILARM/install/interfaces_pkg/include/interfaces_pkg/interfaces_pkg/action\n'}
[12.783394] (interfaces_pkg) StdoutLine: {'line': b'-- Up-to-date: /home/fivejaewin/NILARM/install/interfaces_pkg/include/interfaces_pkg/interfaces_pkg/action/detail\n'}
[12.783493] (interfaces_pkg) StdoutLine: {'line': b'-- Installing: /home/fivejaewin/NILARM/install/interfaces_pkg/include/interfaces_pkg/interfaces_pkg/action/detail/dump_basket__type_support.cpp\n'}
[12.783637] (interfaces_pkg) StdoutLine: {'line': b'-- Installing: /home/fivejaewin/NILARM/install/interfaces_pkg/include/interfaces_pkg/interfaces_pkg/action/detail/harvest__rosidl_typesupport_introspection_cpp.hpp\n'}
[12.783756] (interfaces_pkg) StdoutLine: {'line': b'-- Installing: /home/fivejaewin/NILARM/install/interfaces_pkg/include/interfaces_pkg/interfaces_pkg/action/detail/dump_basket__rosidl_typesupport_introspection_cpp.hpp\n'}
[12.783884] (interfaces_pkg) StdoutLine: {'line': b'-- Installing: /home/fivejaewin/NILARM/install/interfaces_pkg/include/interfaces_pkg/interfaces_pkg/action/detail/harvest__type_support.cpp\n'}
[12.783982] (interfaces_pkg) StdoutLine: {'line': b'-- Installing: /home/fivejaewin/NILARM/install/interfaces_pkg/lib/libinterfaces_pkg__rosidl_typesupport_introspection_cpp.so\n'}
[12.784117] (interfaces_pkg) StdoutLine: {'line': b'-- Set non-toolchain portion of runtime path of "/home/fivejaewin/NILARM/install/interfaces_pkg/lib/libinterfaces_pkg__rosidl_typesupport_introspection_cpp.so" to ""\n'}
[12.784213] (interfaces_pkg) StdoutLine: {'line': b'-- Installing: /home/fivejaewin/NILARM/install/interfaces_pkg/lib/libinterfaces_pkg__rosidl_typesupport_cpp.so\n'}
[12.784308] (interfaces_pkg) StdoutLine: {'line': b'-- Set non-toolchain portion of runtime path of "/home/fivejaewin/NILARM/install/interfaces_pkg/lib/libinterfaces_pkg__rosidl_typesupport_cpp.so" to ""\n'}
[12.784401] (interfaces_pkg) StdoutLine: {'line': b'-- Installing: /home/fivejaewin/NILARM/install/interfaces_pkg/share/interfaces_pkg/environment/pythonpath.sh\n'}
[12.784493] (interfaces_pkg) StdoutLine: {'line': b'-- Installing: /home/fivejaewin/NILARM/install/interfaces_pkg/share/interfaces_pkg/environment/pythonpath.dsv\n'}
[12.784644] (interfaces_pkg) StdoutLine: {'line': b'-- Installing: /home/fivejaewin/NILARM/install/interfaces_pkg/lib/python3.12/site-packages/interfaces_pkg-0.0.1-py3.12.egg-info\n'}
[12.784750] (interfaces_pkg) StdoutLine: {'line': b'-- Installing: /home/fivejaewin/NILARM/install/interfaces_pkg/lib/python3.12/site-packages/interfaces_pkg-0.0.1-py3.12.egg-info/PKG-INFO\n'}
[12.784837] (interfaces_pkg) StdoutLine: {'line': b'-- Installing: /home/fivejaewin/NILARM/install/interfaces_pkg/lib/python3.12/site-packages/interfaces_pkg-0.0.1-py3.12.egg-info/top_level.txt\n'}
[12.784931] (interfaces_pkg) StdoutLine: {'line': b'-- Installing: /home/fivejaewin/NILARM/install/interfaces_pkg/lib/python3.12/site-packages/interfaces_pkg-0.0.1-py3.12.egg-info/SOURCES.txt\n'}
[12.785016] (interfaces_pkg) StdoutLine: {'line': b'-- Installing: /home/fivejaewin/NILARM/install/interfaces_pkg/lib/python3.12/site-packages/interfaces_pkg-0.0.1-py3.12.egg-info/dependency_links.txt\n'}
[12.785112] (interfaces_pkg) StdoutLine: {'line': b'-- Installing: /home/fivejaewin/NILARM/install/interfaces_pkg/lib/python3.12/site-packages/interfaces_pkg\n'}
[12.785198] (interfaces_pkg) StdoutLine: {'line': b'-- Installing: /home/fivejaewin/NILARM/install/interfaces_pkg/lib/python3.12/site-packages/interfaces_pkg/_interfaces_pkg_s.ep.rosidl_typesupport_c.c\n'}
[12.785309] (interfaces_pkg) StdoutLine: {'line': b'-- Installing: /home/fivejaewin/NILARM/install/interfaces_pkg/lib/python3.12/site-packages/interfaces_pkg/interfaces_pkg_s__rosidl_typesupport_introspection_c.so\n'}
[12.785388] (interfaces_pkg) StdoutLine: {'line': b'-- Installing: /home/fivejaewin/NILARM/install/interfaces_pkg/lib/python3.12/site-packages/interfaces_pkg/msg\n'}
[12.785466] (interfaces_pkg) StdoutLine: {'line': b'-- Installing: /home/fivejaewin/NILARM/install/interfaces_pkg/lib/python3.12/site-packages/interfaces_pkg/msg/_mission_state_s.c\n'}
[12.785549] (interfaces_pkg) StdoutLine: {'line': b'-- Installing: /home/fivejaewin/NILARM/install/interfaces_pkg/lib/python3.12/site-packages/interfaces_pkg/msg/_fruit_detection_s.c\n'}
[12.785626] (interfaces_pkg) StdoutLine: {'line': b'-- Installing: /home/fivejaewin/NILARM/install/interfaces_pkg/lib/python3.12/site-packages/interfaces_pkg/msg/_basket_status.py\n'}
[12.785702] (interfaces_pkg) StdoutLine: {'line': b'-- Installing: /home/fivejaewin/NILARM/install/interfaces_pkg/lib/python3.12/site-packages/interfaces_pkg/msg/__init__.py\n'}
[12.785784] (interfaces_pkg) StdoutLine: {'line': b'-- Installing: /home/fivejaewin/NILARM/install/interfaces_pkg/lib/python3.12/site-packages/interfaces_pkg/msg/_fruit_detection.py\n'}
[12.785879] (interfaces_pkg) StdoutLine: {'line': b'-- Installing: /home/fivejaewin/NILARM/install/interfaces_pkg/lib/python3.12/site-packages/interfaces_pkg/msg/_basket_status_s.c\n'}
[12.785973] (interfaces_pkg) StdoutLine: {'line': b'-- Installing: /home/fivejaewin/NILARM/install/interfaces_pkg/lib/python3.12/site-packages/interfaces_pkg/msg/_mission_state.py\n'}
[12.786055] (interfaces_pkg) StdoutLine: {'line': b'-- Installing: /home/fivejaewin/NILARM/install/interfaces_pkg/lib/python3.12/site-packages/interfaces_pkg/interfaces_pkg_s__rosidl_typesupport_fastrtps_c.so\n'}
[12.786137] (interfaces_pkg) StdoutLine: {'line': b'-- Installing: /home/fivejaewin/NILARM/install/interfaces_pkg/lib/python3.12/site-packages/interfaces_pkg/__init__.py\n'}
[12.786219] (interfaces_pkg) StdoutLine: {'line': b'-- Installing: /home/fivejaewin/NILARM/install/interfaces_pkg/lib/python3.12/site-packages/interfaces_pkg/action\n'}
[12.786297] (interfaces_pkg) StdoutLine: {'line': b'-- Installing: /home/fivejaewin/NILARM/install/interfaces_pkg/lib/python3.12/site-packages/interfaces_pkg/action/_dump_basket.py\n'}
[12.786376] (interfaces_pkg) StdoutLine: {'line': b'-- Installing: /home/fivejaewin/NILARM/install/interfaces_pkg/lib/python3.12/site-packages/interfaces_pkg/action/_harvest.py\n'}
[12.786462] (interfaces_pkg) StdoutLine: {'line': b'-- Installing: /home/fivejaewin/NILARM/install/interfaces_pkg/lib/python3.12/site-packages/interfaces_pkg/action/_harvest_s.c\n'}
[12.786549] (interfaces_pkg) StdoutLine: {'line': b'-- Installing: /home/fivejaewin/NILARM/install/interfaces_pkg/lib/python3.12/site-packages/interfaces_pkg/action/__init__.py\n'}
[12.786627] (interfaces_pkg) StdoutLine: {'line': b'-- Installing: /home/fivejaewin/NILARM/install/interfaces_pkg/lib/python3.12/site-packages/interfaces_pkg/action/_dump_basket_s.c\n'}
[12.786706] (interfaces_pkg) StdoutLine: {'line': b'-- Installing: /home/fivejaewin/NILARM/install/interfaces_pkg/lib/python3.12/site-packages/interfaces_pkg/_interfaces_pkg_s.ep.rosidl_typesupport_introspection_c.c\n'}
[12.786785] (interfaces_pkg) StdoutLine: {'line': b'-- Installing: /home/fivejaewin/NILARM/install/interfaces_pkg/lib/python3.12/site-packages/interfaces_pkg/interfaces_pkg_s__rosidl_typesupport_c.so\n'}
[12.786873] (interfaces_pkg) StdoutLine: {'line': b'-- Installing: /home/fivejaewin/NILARM/install/interfaces_pkg/lib/python3.12/site-packages/interfaces_pkg/_interfaces_pkg_s.ep.rosidl_typesupport_fastrtps_c.c\n'}
[12.846849] (-) TimerEvent: {}
[12.862792] (interfaces_pkg) StdoutLine: {'line': b"Listing '/home/fivejaewin/NILARM/install/interfaces_pkg/lib/python3.12/site-packages/interfaces_pkg'...\n"}
[12.863050] (interfaces_pkg) StdoutLine: {'line': b"Compiling '/home/fivejaewin/NILARM/install/interfaces_pkg/lib/python3.12/site-packages/interfaces_pkg/__init__.py'...\n"}
[12.863143] (interfaces_pkg) StdoutLine: {'line': b"Listing '/home/fivejaewin/NILARM/install/interfaces_pkg/lib/python3.12/site-packages/interfaces_pkg/action'...\n"}
[12.863218] (interfaces_pkg) StdoutLine: {'line': b"Compiling '/home/fivejaewin/NILARM/install/interfaces_pkg/lib/python3.12/site-packages/interfaces_pkg/action/__init__.py'...\n"}
[12.863291] (interfaces_pkg) StdoutLine: {'line': b"Compiling '/home/fivejaewin/NILARM/install/interfaces_pkg/lib/python3.12/site-packages/interfaces_pkg/action/_dump_basket.py'...\n"}
[12.863367] (interfaces_pkg) StdoutLine: {'line': b"Compiling '/home/fivejaewin/NILARM/install/interfaces_pkg/lib/python3.12/site-packages/interfaces_pkg/action/_harvest.py'...\n"}
[12.863433] (interfaces_pkg) StdoutLine: {'line': b"Listing '/home/fivejaewin/NILARM/install/interfaces_pkg/lib/python3.12/site-packages/interfaces_pkg/msg'...\n"}
[12.863507] (interfaces_pkg) StdoutLine: {'line': b"Compiling '/home/fivejaewin/NILARM/install/interfaces_pkg/lib/python3.12/site-packages/interfaces_pkg/msg/__init__.py'...\n"}
[12.863574] (interfaces_pkg) StdoutLine: {'line': b"Compiling '/home/fivejaewin/NILARM/install/interfaces_pkg/lib/python3.12/site-packages/interfaces_pkg/msg/_basket_status.py'...\n"}
[12.863642] (interfaces_pkg) StdoutLine: {'line': b"Compiling '/home/fivejaewin/NILARM/install/interfaces_pkg/lib/python3.12/site-packages/interfaces_pkg/msg/_fruit_detection.py'...\n"}
[12.863710] (interfaces_pkg) StdoutLine: {'line': b"Compiling '/home/fivejaewin/NILARM/install/interfaces_pkg/lib/python3.12/site-packages/interfaces_pkg/msg/_mission_state.py'...\n"}
[12.870823] (interfaces_pkg) StdoutLine: {'line': b'-- Installing: /home/fivejaewin/NILARM/install/interfaces_pkg/lib/python3.12/site-packages/interfaces_pkg/interfaces_pkg_s__rosidl_typesupport_fastrtps_c.so\n'}
[12.871606] (interfaces_pkg) StdoutLine: {'line': b'-- Set non-toolchain portion of runtime path of "/home/fivejaewin/NILARM/install/interfaces_pkg/lib/python3.12/site-packages/interfaces_pkg/interfaces_pkg_s__rosidl_typesupport_fastrtps_c.so" to ""\n'}
[12.873416] (interfaces_pkg) StdoutLine: {'line': b'-- Installing: /home/fivejaewin/NILARM/install/interfaces_pkg/lib/python3.12/site-packages/interfaces_pkg/interfaces_pkg_s__rosidl_typesupport_introspection_c.so\n'}
[12.873743] (interfaces_pkg) StdoutLine: {'line': b'-- Set non-toolchain portion of runtime path of "/home/fivejaewin/NILARM/install/interfaces_pkg/lib/python3.12/site-packages/interfaces_pkg/interfaces_pkg_s__rosidl_typesupport_introspection_c.so" to ""\n'}
[12.873943] (interfaces_pkg) StdoutLine: {'line': b'-- Installing: /home/fivejaewin/NILARM/install/interfaces_pkg/lib/python3.12/site-packages/interfaces_pkg/interfaces_pkg_s__rosidl_typesupport_c.so\n'}
[12.874199] (interfaces_pkg) StdoutLine: {'line': b'-- Set non-toolchain portion of runtime path of "/home/fivejaewin/NILARM/install/interfaces_pkg/lib/python3.12/site-packages/interfaces_pkg/interfaces_pkg_s__rosidl_typesupport_c.so" to ""\n'}
[12.874356] (interfaces_pkg) StdoutLine: {'line': b'-- Installing: /home/fivejaewin/NILARM/install/interfaces_pkg/lib/libinterfaces_pkg__rosidl_generator_py.so\n'}
[12.874593] (interfaces_pkg) StdoutLine: {'line': b'-- Set non-toolchain portion of runtime path of "/home/fivejaewin/NILARM/install/interfaces_pkg/lib/libinterfaces_pkg__rosidl_generator_py.so" to ""\n'}
[12.874778] (interfaces_pkg) StdoutLine: {'line': b'-- Installing: /home/fivejaewin/NILARM/install/interfaces_pkg/share/ament_index/resource_index/rust_packages/interfaces_pkg\n'}
[12.875034] (interfaces_pkg) StdoutLine: {'line': b'-- Installing: /home/fivejaewin/NILARM/install/interfaces_pkg/share/interfaces_pkg/rust\n'}
[12.875277] (interfaces_pkg) StdoutLine: {'line': b'-- Installing: /home/fivejaewin/NILARM/install/interfaces_pkg/share/interfaces_pkg/rust/src\n'}
[12.875394] (interfaces_pkg) StdoutLine: {'line': b'-- Installing: /home/fivejaewin/NILARM/install/interfaces_pkg/share/interfaces_pkg/rust/src/msg.rs\n'}
[12.875472] (interfaces_pkg) StdoutLine: {'line': b'-- Installing: /home/fivejaewin/NILARM/install/interfaces_pkg/share/interfaces_pkg/rust/src/lib.rs\n'}
[12.875544] (interfaces_pkg) StdoutLine: {'line': b'-- Installing: /home/fivejaewin/NILARM/install/interfaces_pkg/share/interfaces_pkg/rust/src/action.rs\n'}
[12.875650] (interfaces_pkg) StdoutLine: {'line': b'-- Installing: /home/fivejaewin/NILARM/install/interfaces_pkg/share/interfaces_pkg/rust/src/msg\n'}
[12.875738] (interfaces_pkg) StdoutLine: {'line': b'-- Installing: /home/fivejaewin/NILARM/install/interfaces_pkg/share/interfaces_pkg/rust/src/msg/rmw.rs\n'}
[12.875817] (interfaces_pkg) StdoutLine: {'line': b'-- Installing: /home/fivejaewin/NILARM/install/interfaces_pkg/share/interfaces_pkg/rust/src/action\n'}
[12.875898] (interfaces_pkg) StdoutLine: {'line': b'-- Installing: /home/fivejaewin/NILARM/install/interfaces_pkg/share/interfaces_pkg/rust/src/action/rmw.rs\n'}
[12.875969] (interfaces_pkg) StdoutLine: {'line': b'-- Installing: /home/fivejaewin/NILARM/install/interfaces_pkg/share/interfaces_pkg/rust/build.rs\n'}
[12.876040] (interfaces_pkg) StdoutLine: {'line': b'-- Installing: /home/fivejaewin/NILARM/install/interfaces_pkg/share/interfaces_pkg/rust/Cargo.toml\n'}
[12.876108] (interfaces_pkg) StdoutLine: {'line': b'-- Installing: /home/fivejaewin/NILARM/install/interfaces_pkg/share/interfaces_pkg/msg/FruitDetection.idl\n'}
[12.876176] (interfaces_pkg) StdoutLine: {'line': b'-- Installing: /home/fivejaewin/NILARM/install/interfaces_pkg/share/interfaces_pkg/msg/BasketStatus.idl\n'}
[12.876241] (interfaces_pkg) StdoutLine: {'line': b'-- Installing: /home/fivejaewin/NILARM/install/interfaces_pkg/share/interfaces_pkg/msg/MissionState.idl\n'}
[12.876329] (interfaces_pkg) StdoutLine: {'line': b'-- Installing: /home/fivejaewin/NILARM/install/interfaces_pkg/share/interfaces_pkg/action/Harvest.idl\n'}
[12.876436] (interfaces_pkg) StdoutLine: {'line': b'-- Installing: /home/fivejaewin/NILARM/install/interfaces_pkg/share/interfaces_pkg/action/DumpBasket.idl\n'}
[12.876503] (interfaces_pkg) StdoutLine: {'line': b'-- Installing: /home/fivejaewin/NILARM/install/interfaces_pkg/share/interfaces_pkg/msg/FruitDetection.msg\n'}
[12.876572] (interfaces_pkg) StdoutLine: {'line': b'-- Installing: /home/fivejaewin/NILARM/install/interfaces_pkg/share/interfaces_pkg/msg/BasketStatus.msg\n'}
[12.876639] (interfaces_pkg) StdoutLine: {'line': b'-- Installing: /home/fivejaewin/NILARM/install/interfaces_pkg/share/interfaces_pkg/msg/MissionState.msg\n'}
[12.876705] (interfaces_pkg) StdoutLine: {'line': b'-- Installing: /home/fivejaewin/NILARM/install/interfaces_pkg/share/interfaces_pkg/action/Harvest.action\n'}
[12.876771] (interfaces_pkg) StdoutLine: {'line': b'-- Installing: /home/fivejaewin/NILARM/install/interfaces_pkg/share/interfaces_pkg/action/DumpBasket.action\n'}
[12.876839] (interfaces_pkg) StdoutLine: {'line': b'-- Installing: /home/fivejaewin/NILARM/install/interfaces_pkg/share/ament_index/resource_index/package_run_dependencies/interfaces_pkg\n'}
[12.876925] (interfaces_pkg) StdoutLine: {'line': b'-- Installing: /home/fivejaewin/NILARM/install/interfaces_pkg/share/ament_index/resource_index/parent_prefix_path/interfaces_pkg\n'}
[12.877022] (interfaces_pkg) StdoutLine: {'line': b'-- Installing: /home/fivejaewin/NILARM/install/interfaces_pkg/share/interfaces_pkg/environment/ament_prefix_path.sh\n'}
[12.877154] (interfaces_pkg) StdoutLine: {'line': b'-- Installing: /home/fivejaewin/NILARM/install/interfaces_pkg/share/interfaces_pkg/environment/ament_prefix_path.dsv\n'}
[12.877224] (interfaces_pkg) StdoutLine: {'line': b'-- Installing: /home/fivejaewin/NILARM/install/interfaces_pkg/share/interfaces_pkg/environment/path.sh\n'}
[12.877290] (interfaces_pkg) StdoutLine: {'line': b'-- Installing: /home/fivejaewin/NILARM/install/interfaces_pkg/share/interfaces_pkg/environment/path.dsv\n'}
[12.877385] (interfaces_pkg) StdoutLine: {'line': b'-- Installing: /home/fivejaewin/NILARM/install/interfaces_pkg/share/interfaces_pkg/local_setup.bash\n'}
[12.877454] (interfaces_pkg) StdoutLine: {'line': b'-- Installing: /home/fivejaewin/NILARM/install/interfaces_pkg/share/interfaces_pkg/local_setup.sh\n'}
[12.877538] (interfaces_pkg) StdoutLine: {'line': b'-- Installing: /home/fivejaewin/NILARM/install/interfaces_pkg/share/interfaces_pkg/local_setup.zsh\n'}
[12.877605] (interfaces_pkg) StdoutLine: {'line': b'-- Installing: /home/fivejaewin/NILARM/install/interfaces_pkg/share/interfaces_pkg/local_setup.dsv\n'}
[12.877673] (interfaces_pkg) StdoutLine: {'line': b'-- Installing: /home/fivejaewin/NILARM/install/interfaces_pkg/share/interfaces_pkg/package.dsv\n'}
[12.877773] (interfaces_pkg) StdoutLine: {'line': b'-- Installing: /home/fivejaewin/NILARM/install/interfaces_pkg/share/ament_index/resource_index/packages/interfaces_pkg\n'}
[12.877872] (interfaces_pkg) StdoutLine: {'line': b'-- Installing: /home/fivejaewin/NILARM/install/interfaces_pkg/share/interfaces_pkg/cmake/export_interfaces_pkg__rosidl_generator_cExport.cmake\n'}
[12.877960] (interfaces_pkg) StdoutLine: {'line': b'-- Installing: /home/fivejaewin/NILARM/install/interfaces_pkg/share/interfaces_pkg/cmake/export_interfaces_pkg__rosidl_generator_cExport-noconfig.cmake\n'}
[12.878044] (interfaces_pkg) StdoutLine: {'line': b'-- Installing: /home/fivejaewin/NILARM/install/interfaces_pkg/share/interfaces_pkg/cmake/export_interfaces_pkg__rosidl_typesupport_fastrtps_cExport.cmake\n'}
[12.878124] (interfaces_pkg) StdoutLine: {'line': b'-- Installing: /home/fivejaewin/NILARM/install/interfaces_pkg/share/interfaces_pkg/cmake/export_interfaces_pkg__rosidl_typesupport_fastrtps_cExport-noconfig.cmake\n'}
[12.878207] (interfaces_pkg) StdoutLine: {'line': b'-- Installing: /home/fivejaewin/NILARM/install/interfaces_pkg/share/interfaces_pkg/cmake/interfaces_pkg__rosidl_typesupport_introspection_cExport.cmake\n'}
[12.878272] (interfaces_pkg) StdoutLine: {'line': b'-- Installing: /home/fivejaewin/NILARM/install/interfaces_pkg/share/interfaces_pkg/cmake/interfaces_pkg__rosidl_typesupport_introspection_cExport-noconfig.cmake\n'}
[12.878342] (interfaces_pkg) StdoutLine: {'line': b'-- Installing: /home/fivejaewin/NILARM/install/interfaces_pkg/share/interfaces_pkg/cmake/interfaces_pkg__rosidl_typesupport_cExport.cmake\n'}
[12.878412] (interfaces_pkg) StdoutLine: {'line': b'-- Installing: /home/fivejaewin/NILARM/install/interfaces_pkg/share/interfaces_pkg/cmake/interfaces_pkg__rosidl_typesupport_cExport-noconfig.cmake\n'}
[12.878513] (interfaces_pkg) StdoutLine: {'line': b'-- Installing: /home/fivejaewin/NILARM/install/interfaces_pkg/share/interfaces_pkg/cmake/export_interfaces_pkg__rosidl_generator_cppExport.cmake\n'}
[12.878594] (interfaces_pkg) StdoutLine: {'line': b'-- Installing: /home/fivejaewin/NILARM/install/interfaces_pkg/share/interfaces_pkg/cmake/export_interfaces_pkg__rosidl_typesupport_fastrtps_cppExport.cmake\n'}
[12.878660] (interfaces_pkg) StdoutLine: {'line': b'-- Installing: /home/fivejaewin/NILARM/install/interfaces_pkg/share/interfaces_pkg/cmake/export_interfaces_pkg__rosidl_typesupport_fastrtps_cppExport-noconfig.cmake\n'}
[12.878730] (interfaces_pkg) StdoutLine: {'line': b'-- Installing: /home/fivejaewin/NILARM/install/interfaces_pkg/share/interfaces_pkg/cmake/interfaces_pkg__rosidl_typesupport_introspection_cppExport.cmake\n'}
[12.878798] (interfaces_pkg) StdoutLine: {'line': b'-- Installing: /home/fivejaewin/NILARM/install/interfaces_pkg/share/interfaces_pkg/cmake/interfaces_pkg__rosidl_typesupport_introspection_cppExport-noconfig.cmake\n'}
[12.878903] (interfaces_pkg) StdoutLine: {'line': b'-- Installing: /home/fivejaewin/NILARM/install/interfaces_pkg/share/interfaces_pkg/cmake/interfaces_pkg__rosidl_typesupport_cppExport.cmake\n'}
[12.879020] (interfaces_pkg) StdoutLine: {'line': b'-- Installing: /home/fivejaewin/NILARM/install/interfaces_pkg/share/interfaces_pkg/cmake/interfaces_pkg__rosidl_typesupport_cppExport-noconfig.cmake\n'}
[12.879094] (interfaces_pkg) StdoutLine: {'line': b'-- Installing: /home/fivejaewin/NILARM/install/interfaces_pkg/share/interfaces_pkg/cmake/export_interfaces_pkg__rosidl_generator_pyExport.cmake\n'}
[12.879165] (interfaces_pkg) StdoutLine: {'line': b'-- Installing: /home/fivejaewin/NILARM/install/interfaces_pkg/share/interfaces_pkg/cmake/export_interfaces_pkg__rosidl_generator_pyExport-noconfig.cmake\n'}
[12.879276] (interfaces_pkg) StdoutLine: {'line': b'-- Installing: /home/fivejaewin/NILARM/install/interfaces_pkg/share/interfaces_pkg/cmake/rosidl_cmake-extras.cmake\n'}
[12.879344] (interfaces_pkg) StdoutLine: {'line': b'-- Installing: /home/fivejaewin/NILARM/install/interfaces_pkg/share/interfaces_pkg/cmake/ament_cmake_export_dependencies-extras.cmake\n'}
[12.879438] (interfaces_pkg) StdoutLine: {'line': b'-- Installing: /home/fivejaewin/NILARM/install/interfaces_pkg/share/interfaces_pkg/cmake/ament_cmake_export_include_directories-extras.cmake\n'}
[12.879522] (interfaces_pkg) StdoutLine: {'line': b'-- Installing: /home/fivejaewin/NILARM/install/interfaces_pkg/share/interfaces_pkg/cmake/ament_cmake_export_libraries-extras.cmake\n'}
[12.879603] (interfaces_pkg) StdoutLine: {'line': b'-- Installing: /home/fivejaewin/NILARM/install/interfaces_pkg/share/interfaces_pkg/cmake/ament_cmake_export_targets-extras.cmake\n'}
[12.879684] (interfaces_pkg) StdoutLine: {'line': b'-- Installing: /home/fivejaewin/NILARM/install/interfaces_pkg/share/interfaces_pkg/cmake/rosidl_cmake_export_typesupport_targets-extras.cmake\n'}
[12.879753] (interfaces_pkg) StdoutLine: {'line': b'-- Installing: /home/fivejaewin/NILARM/install/interfaces_pkg/share/interfaces_pkg/cmake/rosidl_cmake_export_typesupport_libraries-extras.cmake\n'}
[12.879850] (interfaces_pkg) StdoutLine: {'line': b'-- Installing: /home/fivejaewin/NILARM/install/interfaces_pkg/share/interfaces_pkg/cmake/rosidl_cmake_aggregate_target-extras.cmake\n'}
[12.879919] (interfaces_pkg) StdoutLine: {'line': b'-- Installing: /home/fivejaewin/NILARM/install/interfaces_pkg/share/interfaces_pkg/cmake/interfaces_pkgConfig.cmake\n'}
[12.879982] (interfaces_pkg) StdoutLine: {'line': b'-- Installing: /home/fivejaewin/NILARM/install/interfaces_pkg/share/interfaces_pkg/cmake/interfaces_pkgConfig-version.cmake\n'}
[12.880041] (interfaces_pkg) StdoutLine: {'line': b'-- Installing: /home/fivejaewin/NILARM/install/interfaces_pkg/share/interfaces_pkg/package.xml\n'}
[12.882385] (interfaces_pkg) CommandEnded: {'returncode': 0}
[12.907043] (interfaces_pkg) JobEnded: {'identifier': 'interfaces_pkg', 'rc': 0}
[12.908322] (-) EventReactorShutdown: {}
